TimeStamp;Hue;Brightness;ExposureTime;ExposureComp;ISO;AWB;FocusDist;Zoom
1278362005884210;7;100;19990000;-20;100;1;0.58729833;7.757999999999999
1278362205902940;6;100;19990000;-20;100;1;0.58729833;7.757999999999999
1278362305875940;7;100;19990000;-20;100;1;0.58729833;7.757999999999999
1278362339122710;7;100;19990000;-20;100;1;0.58729833;7.757999999999999
1278362372443210;7;100;19990000;-20;100;1;0.58729833;7.757999999999999
1278363338851940;8;100;19990000;-20;100;1;0.58729833;7.757999999999999
1278364271933670;7;100;19990000;-20;100;1;0.58729833;7.757999999999999
1278364338580900;7;100;19990000;-20;100;1;0.58729833;7.757999999999999
1278364371909900;7;100;19990000;-20;100;1;0.58729833;7.757999999999999
1278364438576670;6;100;19990000;-20;100;1;0.58729833;7.757999999999999
1278364471874170;6;100;19990000;-20;100;1;0.58729833;7.757999999999999
1278364638574900;7;100;19990000;-20;100;1;0.58729833;7.757999999999999
1278364938423900;7;100;19990000;-20;100;1;0.58729833;7.757999999999999
1278365504932900;9;100;19990000;-20;100;1;0.58729833;7.757999999999999
1278365538252630;8;100;19990000;-20;100;1;0.58729833;7.757999999999999
1278365638313900;9;100;19990000;-20;100;1;0.58729833;7.757999999999999
1278367371095360;11;100;19990000;-20;100;1;0.58729833;7.757999999999999
1278367704333090;9;100;19990000;-20;100;1;0.58729833;7.757999999999999
1278368470797090;11;100;19990000;-20;100;1;0.58729833;7.757999999999999
1278368604087090;11;100;19990000;-20;100;1;0.58729833;7.757999999999999
1278368637418590;10;100;19990000;-20;100;1;0.58729833;7.757999999999999
1278368704061320;10;100;19990000;-20;100;1;0.58729833;7.757999999999999
1278368904014820;9;100;19990000;-20;100;1;0.58729833;7.757999999999999
1278369037311820;9;100;19990000;-20;100;1;0.58729833;7.757999999999999
1278369170610820;10;100;19990000;-20;100;1;0.58729833;7.757999999999999
1278369870486550;10;100;19990000;-20;100;1;0.58729833;7.757999999999999
1278369903738050;10;100;19990000;-20;100;1;0.58729833;7.757999999999999
1278369937063320;10;100;19990000;-20;100;1;0.58729833;7.757999999999999
1278371469974780;11;100;19990000;-20;100;1;0.58729833;7.757999999999999
1278371769903280;11;100;19990000;-20;100;1;0.58729833;7.757999999999999
1278371836542280;11;100;19990000;-20;100;1;0.58729833;7.757999999999999
1278371903187010;11;100;19990000;-20;100;1;0.58729833;7.757999999999999
1278372802949010;0;0;19990000;-20;100;1;0.58729833;7.757999999999999
1278373202842010;14;100;19990000;-20;100;1;0.58729833;7.757999999999999
1278373269584740;12;100;19990000;-20;100;1;0.58729833;7.757999999999999
1278373736031740;13;100;19990000;-20;100;1;0.8742884;7.757999999999999
1278374269214740;13;100;19990000;-20;100;1;0.8742884;7.757999999999999
1278374302548740;14;100;19990000;-20;100;1;0.8742884;7.757999999999999
1278374402510470;16;100;19990000;-20;100;1;0.8742884;7.757999999999999
1278375135651200;17;100;19990000;-20;100;1;0.8742884;7.757999999999999
1278376835194430;17;100;19990000;-20;100;1;0.8742884;7.757999999999999
1278377068451430;19;100;19990000;-20;100;1;0.8742884;7.757999999999999
1278377101781930;17;100;19990000;-20;100;1;0.8742884;7.757999999999999
1278377335081160;17;100;19990000;-20;100;1;0.8742884;7.757999999999999
1278377701637660;16;100;19990000;-20;100;1;0.8742884;7.757999999999999
1278377934882660;14;100;19990000;-20;100;1;0.8742884;7.757999999999999
1278378268129160;0;0;19990000;-20;100;1;0.8742884;7.757999999999999
1278378334777660;19;100;19990000;-20;100;1;0.8742884;7.757999999999999
1278378401425160;17;100;19990000;-20;100;1;0.8742884;7.757999999999999
1278378534734890;20;100;19990000;-20;100;1;0.8742884;7.757999999999999
1278378734666390;19;100;19990000;-20;100;1;0.8742884;7.757999999999999
1278379534484620;20;100;19990000;-20;100;1;0.8742884;7.757999999999999
1278379601171890;17;100;19990000;-20;100;1;0.8742884;7.757999999999999
1278380600931620;24;100;19990000;-20;100;1;0.8742884;7.757999999999999
1278380867449850;21;100;19990000;-20;100;1;0.8742884;7.757999999999999
1278381233995350;20;100;19990000;-20;100;1;0.8742884;7.757999999999999
1278381267390850;24;100;19990000;-20;100;1;0.8742884;7.757999999999999
1278381600566850;0;0;19990000;-20;100;1;0.8742884;7.757999999999999
1278381800501350;20;100;19990000;-20;100;1;0.8742884;7.757999999999999
1278381833879850;21;100;19990000;-20;100;1;0.8742884;7.757999999999999
1278382033785580;22;100;19990000;-20;100;1;0.8742884;7.757999999999999
1278382600284310;22;100;19990000;-20;100;1;0.8742884;7.757999999999999
1278382700257810;0;0;19990000;-20;100;1;0.8742884;7.757999999999999
1278383266778310;21;100;19990000;-20;100;1;0.8742884;7.757999999999999
1278383699996540;19;100;19990000;-20;100;1;0.8742884;7.757999999999999
1278383800061310;0;0;19990000;-20;100;1;0.8742884;7.757999999999999
1278383899934540;24;100;19990000;-20;100;1;0.8742884;7.757999999999999
1278383966587810;20;100;19990000;-20;100;1;0.8742884;7.757999999999999
1278384366480040;27;100;19990000;-20;100;1;0.8742884;7.757999999999999
1278384699714040;23;100;19990000;-20;100;1;0.8742884;7.757999999999999
1278385366207270;26;100;19990000;-20;100;1;0.8742884;7.757999999999999
1278385899395770;26;100;19990000;-20;100;1;0.8742884;7.757999999999999
1278385966042270;0;0;19990000;-20;100;1;0.8742884;7.757999999999999
1278386066012770;23;100;19990000;-20;100;1;0.8742884;7.757999999999999
1278386432578000;26;100;19990000;-20;100;1;0.8742884;7.757999999999999
1278386699170500;26;100;19990000;-20;100;1;0.8742884;7.757999999999999
1278387132389500;0;0;19990000;-20;100;1;0.8742884;7.757999999999999
1278387165721230;27;100;19990000;-20;100;1;0.8742884;7.757999999999999
1278387998826230;22;100;19990000;-20;100;1;0.8742884;7.757999999999999
1278388032145730;25;100;19990000;-20;100;1;0.8742884;7.757999999999999
1278389431766690;0;0;19990000;-20;100;1;0.8742884;7.757999999999999
1278389631708690;30;100;19990000;-20;100;1;0.8742884;7.757999999999999
1278389765010690;26;100;19990000;-20;100;1;0.8742884;7.757999999999999
1278389898305190;30;100;19990000;-20;100;1;0.8742884;7.757999999999999
1278389931627690;28;100;19990000;-20;100;1;0.8742884;7.757999999999999
1278390031606690;34;100;19990000;-20;100;1;0.8742884;7.757999999999999
1278390264892920;33;100;19990000;-20;100;1;0.8742884;7.757999999999999
1278390831386920;32;100;19990000;-20;100;1;0.8742884;7.757999999999999
1278391131342920;27;100;19990000;-20;100;1;0.8742884;7.757999999999999
1278391231278920;30;100;19990000;-20;100;1;0.8742884;7.757999999999999
1278391697817650;0;0;19990000;-20;100;1;0.8742884;7.757999999999999
1278391931084150;0;0;19990000;-20;100;1;0.8742884;7.757999999999999
1278392464276880;35;100;19990000;-20;100;1;0.8742884;7.757999999999999
1278392564249880;0;0;19990000;-20;100;1;0.8742884;7.757999999999999
1278392664220380;35;100;19990000;-20;100;1;0.8742884;7.757999999999999
1278392930820880;0;0;19990000;-20;100;1;0.8742884;7.757999999999999
1278393064114880;0;0;19990000;-20;100;1;0.8742884;7.757999999999999
1278393897224610;0;0;19990000;-20;100;1;0.8742884;7.757999999999999
1278394563705110;41;100;19990000;-20;100;1;0.8742884;7.757999999999999
1278395430133840;0;0;19990000;-20;100;1;0.8742884;7.757999999999999
1278395663404840;0;0;19990000;-20;100;1;0.8742884;7.757999999999999
1278395896671570;0;0;19990000;-20;100;1;0.8742884;7.757999999999999
1278395963332070;37;100;19990000;-20;100;1;0.8742884;7.757999999999999
1278396896407300;0;0;19990000;-20;100;1;0.8742884;7.757999999999999
1278397829482800;0;0;19990000;-20;100;1;0.8742884;7.757999999999999
1278397896130800;0;0;19990000;-20;100;1;0.8742884;7.757999999999999
1278398262746030;0;0;19990000;-20;100;1;0.8742884;7.757999999999999
1278398895862260;0;0;19990000;-20;100;1;0.8742884;7.757999999999999
1278399129213760;0;0;19990000;-20;100;1;0.8742884;7.757999999999999
1278399362400760;0;0;19990000;-20;100;1;0.8742884;7.757999999999999
1278399562352760;0;0;19990000;-20;100;1;0.8742884;7.757999999999999
1278400895327220;0;0;19990000;-20;100;1;0.8742884;7.757999999999999
1278400961967220;0;0;19990000;-20;100;1;0.8742884;7.757999999999999
1278401261892720;0;0;19990000;-20;100;1;0.8742884;7.757999999999999
1278401428589220;0;0;19990000;-20;100;1;0.8742884;7.757999999999999
1278401595133720;0;0;19990000;-20;100;1;0.8742884;7.757999999999999
1278402228285950;0;0;19990000;-20;100;1;0.8742884;7.757999999999999
1278402461577950;0;0;19990000;-20;100;1;0.8742884;7.757999999999999
1278402861492950;0;0;19990000;-20;100;1;0.8742884;7.757999999999999
1278403194693950;0;0;19990000;-20;100;1;0.8742884;7.757999999999999
1278403261349180;0;0;19990000;-20;100;1;0.8742884;7.757999999999999
1278403327993680;0;0;19990000;-20;100;1;0.8742884;7.757999999999999
1278403461291180;0;0;19990000;-20;100;1;0.8742884;7.757999999999999
1278403894559180;0;0;19990000;-20;100;1;0.8742884;7.757999999999999
1278404161096410;0;0;19990000;-20;100;1;0.8742884;7.757999999999999
1278404760935910;0;0;19990000;-20;100;1;0.8742884;7.757999999999999
1278406260644870;0;0;19990000;-20;100;1;0.8742884;7.757999999999999
1278406327185140;0;0;19990000;-20;100;1;0.8742884;7.757999999999999
1278406460484870;0;0;19990000;-20;100;1;0.8742884;7.757999999999999
1278406760391870;0;0;19990000;-20;100;1;0.8742884;7.757999999999999
1278407060314370;0;0;19990000;-20;100;1;0.8742884;7.757999999999999
1278407193606370;0;0;19990000;-20;100;1;0.8742884;7.757999999999999
1278408093366600;0;0;19990000;-20;100;1;0.8742884;7.757999999999999
1278408426605100;0;0;19990000;-20;100;1;0.8742884;7.757999999999999
1278408593229600;0;0;19990000;-20;100;1;0.8742884;7.757999999999999
1278409326357830;0;0;19990000;-20;100;1;0.8742884;7.757999999999999
1278409759573560;0;0;19990000;-20;100;1;0.8742884;7.757999999999999
1278410292772060;0;0;19990000;-20;100;1;0.8742884;7.757999999999999
1278410459430560;0;0;19990000;-20;100;1;0.8742884;7.757999999999999
1278410592792290;0;0;19990000;-20;100;1;0.8742884;7.757999999999999
1278410759303790;0;0;19990000;-20;100;1;0.8742884;7.757999999999999
1278410925923790;0;0;19990000;-20;100;1;0.8742884;7.757999999999999
1278411459114290;0;0;19990000;-20;100;1;0.8742884;7.757999999999999
1278411659058290;0;0;19990000;-20;100;1;0.8742884;7.757999999999999
1278411925658020;0;0;19990000;-20;100;1;0.8742884;7.757999999999999
1278412225571020;0;0;19990000;-20;100;1;0.8742884;7.757999999999999
1278412258902020;0;0;19990000;-20;100;1;0.8742884;7.757999999999999
1278413291952750;0;0;19990000;-20;100;1;0.8742884;7.757999999999999
1278413791811480;0;0;19990000;-20;100;1;0.8742884;7.757999999999999
1278413891783750;0;0;19990000;-20;100;1;0.8742884;7.757999999999999
1278413991766980;0;0;19990000;-20;100;1;0.8742884;7.757999999999999
1278414358327480;0;0;19990000;-20;100;1;0.8742884;7.757999999999999
1278414625024480;0;0;19990000;-20;100;1;0.8742884;7.757999999999999
1278414858193710;0;0;19990000;-20;100;1;0.8742884;7.757999999999999
1278415757959710;0;0;19990000;-20;100;1;0.8742884;7.757999999999999
1278416624379940;0;0;19990000;-20;100;1;0.8742884;7.757999999999999
1278416724368440;0;0;19990000;-20;100;1;0.8742884;7.757999999999999
1278416890972440;0;0;19990000;-20;100;1;0.8742884;7.757999999999999
1278417157644670;0;0;19990000;-20;100;1;0.8742884;7.757999999999999
1278417257539440;0;0;19990000;-20;100;1;0.8742884;7.757999999999999
1278417424160670;0;0;19990000;-20;100;1;0.8742884;7.757999999999999
1278417557462670;0;0;19990000;-20;100;1;0.8742884;7.757999999999999
1278417690848170;0;0;19990000;-20;100;1;0.8742884;7.757999999999999
1278418790466400;0;0;19990000;-20;100;1;0.8742884;7.757999999999999
1278418923761900;0;0;19990000;-20;100;1;0.8742884;7.757999999999999
1278419123712400;0;0;19990000;-20;100;1;0.8742884;7.757999999999999
1278419157024630;0;0;19990000;-20;100;1;0.8742884;7.757999999999999
1278419223680900;0;0;19990000;-20;100;1;0.8742884;7.757999999999999
1278419257004130;0;0;19990000;-20;100;1;0.8742884;7.757999999999999
1278419423628630;0;0;19990000;-20;100;1;0.8742884;7.757999999999999
1278419623566630;0;0;19990000;-20;100;1;0.8742884;7.757999999999999
1278420523325860;0;0;19990000;-20;100;1;0.8742884;7.757999999999999
1278420556648860;0;0;19990000;-20;100;1;0.8742884;7.757999999999999
1278421256547860;0;0;19990000;-20;100;1;0.8742884;7.757999999999999
1278421423072590;0;0;19990000;-20;100;1;0.8742884;7.757999999999999
1278421556447590;0;0;19990000;-20;100;1;0.8742884;7.757999999999999
1278422222855090;0;0;19990000;-20;100;1;0.8742884;7.757999999999999
1278422722724320;0;0;19990000;-20;100;1;0.8742884;7.757999999999999
1278423122624320;0;0;19990000;-20;100;1;0.8742884;7.757999999999999
1278423589152820;0;0;19990000;-20;100;1;0.8742884;7.757999999999999
1278424055706550;0;0;19990000;-20;100;1;0.8742884;7.757999999999999
1278424488913050;0;0;19990000;-20;100;1;0.8742884;7.757999999999999
1278424722181780;0;0;19990000;-20;100;1;0.8742884;7.757999999999999
1278424855479280;0;0;19990000;-20;100;1;0.8742884;7.757999999999999
1278425022097280;0;0;19990000;-20;100;1;0.8742884;7.757999999999999
1278425755233280;0;0;19990000;-20;100;1;0.8742884;7.757999999999999
1278425888533010;0;0;19990000;-20;100;1;0.8742884;7.757999999999999
1278426721633740;0;0;19990000;-20;100;1;0.8742884;7.757999999999999
1278426954906240;0;0;19990000;-20;100;1;0.8742884;7.757999999999999
1278427021554240;0;0;19990000;-20;100;1;0.8742884;7.757999999999999
1278428121259970;0;0;19990000;-20;100;1;0.8742884;7.757999999999999
1278428254825970;0;0;19990000;-20;100;1;0.8742884;7.757999999999999
1278428987689700;0;0;19990000;-20;100;1;0.8742884;7.757999999999999
1278429120984700;0;0;19990000;-20;100;1;0.8742884;7.757999999999999
1278430687220930;0;0;19990000;-20;100;1;0.8742884;7.757999999999999
1278430953818430;0;0;19990000;-20;100;1;0.8742884;7.757999999999999
1278431120521660;0;0;19990000;-20;100;1;0.8742884;7.757999999999999
1278431820269660;0;0;19990000;-20;100;1;0.8742884;7.757999999999999
1278432786660890;0;0;19990000;-20;100;1;0.8742884;7.757999999999999
1278433053261390;0;0;19990000;-20;100;1;0.8742884;7.757999999999999
1278433186552120;0;0;19990000;-20;100;1;0.8742884;7.757999999999999
1278433219876120;0;0;19990000;-20;100;1;0.8742884;7.757999999999999
1278434119633120;0;0;19990000;-20;100;1;0.8742884;7.757999999999999
1278434319576620;0;0;19990000;-20;100;1;0.8742884;7.757999999999999
1278434852762850;0;0;19990000;-20;100;1;0.8742884;7.757999999999999
1278435119352850;0;0;19990000;-20;100;1;0.8742884;7.757999999999999
1278435419273350;0;0;19990000;-20;100;1;0.8742884;7.757999999999999
1278435685866080;0;0;19990000;-20;100;1;0.8742884;7.757999999999999
1278435752526580;0;0;19990000;-20;100;1;0.8742884;7.757999999999999
1278436352364580;0;0;19990000;-20;100;1;0.8742884;7.757999999999999
1278436419003310;0;0;19990000;-20;100;1;0.8742884;7.757999999999999
1278437652009040;0;0;19990000;-20;100;1;0.8742884;7.757999999999999
1278437851952040;0;0;19990000;-20;100;1;0.8742884;7.757999999999999
1278437918670040;0;0;19990000;-20;100;1;0.8742884;7.757999999999999
1278438185196040;0;0;19990000;-20;100;1;0.8742884;7.757999999999999
1278438551759270;0;0;19990000;-20;100;1;0.8742884;7.757999999999999
1278438751702770;0;0;19990000;-20;100;1;0.8742884;7.757999999999999
1278438818396770;0;0;19990000;-20;100;1;0.8742884;7.757999999999999
1278439118276270;0;0;19990000;-20;100;1;0.8742884;7.757999999999999
1278439351554270;0;0;19990000;-20;100;1;0.8742884;7.757999999999999
1278439851407270;0;0;19990000;-20;100;1;0.8742884;7.757999999999999
1278440018023000;0;0;19990000;-20;100;1;0.8742884;7.757999999999999
1278440384586500;0;0;19990000;-20;100;1;0.8742884;7.757999999999999
1278440551223000;0;0;19990000;-20;100;1;0.8742884;7.757999999999999
1278440651184500;0;0;19990000;-20;100;1;0.8742884;7.757999999999999
1278440784840500;0;0;19990000;-20;100;1;0.8742884;7.757999999999999
1278441217693730;0;0;19990000;-20;100;1;0.8742884;7.757999999999999
1278441750890460;0;0;19990000;-20;100;1;0.8742884;7.757999999999999
1278441784208230;0;0;19990000;-20;100;1;0.8742884;7.757999999999999
1278441817529460;0;0;19990000;-20;100;1;0.8742884;7.757999999999999
1278441950831960;0;0;19990000;-20;100;1;0.8742884;7.757999999999999
1278442650651460;0;0;19990000;-20;100;1;0.8742884;7.757999999999999
1278443250485690;0;0;19990000;-20;100;1;0.8742884;7.757999999999999
1278443550403690;0;0;19990000;-20;100;1;0.8742884;7.757999999999999
1278443583735190;0;0;19990000;-20;100;1;0.8742884;7.757999999999999
1278443617052190;0;0;19990000;-20;100;1;0.8742884;7.757999999999999
1278443683698190;0;0;19990000;-20;100;1;0.8742884;7.757999999999999
1278443950291420;0;0;19990000;-20;100;1;0.8742884;7.757999999999999
1278444583453420;0;0;19990000;-20;100;1;0.8742884;7.757999999999999
1278444616774920;0;0;19990000;-20;100;1;0.8742884;7.757999999999999
1278444916695920;0;0;19990000;-20;100;1;0.8742884;7.757999999999999
1278446149698380;0;0;19990000;-20;100;1;0.8742884;7.757999999999999
1278446249666650;0;0;19990000;-20;100;1;0.8742884;7.757999999999999
1278446482945880;0;0;19990000;-20;100;1;0.8742884;7.757999999999999
1278446549585380;0;0;19990000;-20;100;1;0.8742884;7.757999999999999
1278446782869380;0;0;19990000;-20;100;1;0.8742884;7.757999999999999
1278447216072110;0;0;19990000;-20;100;1;0.8742884;7.757999999999999
1278447349365380;0;0;19990000;-20;100;1;0.8742884;7.757999999999999
1278448382416840;0;0;19990000;-20;100;1;0.8742884;7.757999999999999
1278448882281340;0;0;19990000;-20;100;1;0.8742884;7.757999999999999
1278449515458340;0;0;19990000;-20;100;1;0.8742884;7.757999999999999
1278449748761070;0;0;19990000;-20;100;1;0.8742884;7.757999999999999
1278449915421570;0;0;19990000;-20;100;1;0.8742884;7.757999999999999
1278449948760570;0;0;19990000;-20;100;1;0.8742884;7.757999999999999
1278450281901570;0;0;19990000;-20;100;1;0.8742884;7.757999999999999
1278450415200570;0;0;19990000;-20;100;1;0.8742884;7.757999999999999
1278450648471800;0;0;19990000;-20;100;1;0.8742884;7.757999999999999
1278451748250030;0;0;19990000;-20;100;1;0.8742884;7.757999999999999
1278452514630760;0;0;19990000;-20;100;1;0.8742884;7.757999999999999
1278453780955990;0;0;19990000;-20;100;1;0.8742884;7.757999999999999
1278454114200990;0;0;19990000;-20;100;1;0.8742884;7.757999999999999
1278454480771990;0;0;19990000;-20;100;1;0.8742884;7.757999999999999
1278454547439990;0;0;19990000;-20;100;1;0.8742884;7.757999999999999
1278454680708990;0;0;19990000;-20;100;1;0.8742884;7.757999999999999
1278454847333990;0;0;19990000;-20;100;1;0.8742884;7.757999999999999
1278455080652720;0;0;19990000;-20;100;1;0.8742884;7.757999999999999
1278455313870220;0;0;19990000;-20;100;1;0.8742884;7.757999999999999
1278455380527220;0;0;19990000;-20;100;1;0.8742884;7.757999999999999
1278455713769720;0;0;19990000;-20;100;1;0.8742884;7.757999999999999
1278456846804450;153;100;19990000;-20;100;1;0.8742884;7.757999999999999
1278457046736180;159;100;19990000;-20;100;1;0.8742884;7.757999999999999
1278457080053950;0;0;19990000;-20;100;1;0.8742884;7.757999999999999
1278457446633180;0;0;19990000;-20;100;1;0.8742884;7.757999999999999
1278457979816680;157;100;19990000;-20;100;1;0.8742884;7.757999999999999
1278458079791180;148;100;19990000;-20;100;1;0.8742884;7.757999999999999
1278458146433680;154;100;19990000;-20;100;1;0.8742884;7.757999999999999
1278458179761910;147;100;19990000;-20;100;1;0.8742884;7.757999999999999
1278458213081410;145;100;19990000;-20;100;1;0.8742884;7.757999999999999
1278458346379910;156;100;19990000;-20;100;1;0.8742884;7.757999999999999
1278458779595910;156;100;19990000;-20;100;1;0.8742884;7.757999999999999
1278459146165640;0;0;19990000;-20;100;1;0.8742884;7.757999999999999
1278459246141910;152;100;19990000;-20;100;1;0.8742884;7.757999999999999
1278459479406140;148;100;19990000;-20;100;1;0.8742884;7.757999999999999
1278459646029140;141;100;19990000;-20;100;1;0.8742884;7.757999999999999
1278459679355140;141;100;19990000;-20;100;1;0.8742884;7.757999999999999
1278459879297640;0;0;19990000;-20;100;1;0.8742884;7.757999999999999
1278459945943640;147;100;19990000;-20;100;1;0.8742884;7.757999999999999
1278460045924370;140;100;19990000;-20;100;1;0.8742884;7.757999999999999
1278460145892370;140;100;19990000;-20;100;1;0.8742884;7.757999999999999
1278460379160870;146;100;19990000;-20;100;1;0.8742884;7.757999999999999
1278460845700370;0;0;19990000;-20;100;1;0.8742884;7.757999999999999
1278461212271600;141;100;19990000;-20;100;1;0.8742884;7.757999999999999
1278461412230870;0;0;19990000;-20;100;1;0.8742884;7.757999999999999
1278461545516600;146;100;19990000;-20;100;1;0.8742884;7.757999999999999
1278462278641100;143;100;19990000;-20;100;1;0.8742884;7.757999999999999
1278462345304100;151;100;19990000;-20;100;1;0.8742884;7.757999999999999
1278462445268830;152;100;19990000;-20;100;1;0.8742884;7.757999999999999
1278462511935830;145;100;19990000;-20;100;1;0.8742884;7.757999999999999
1278462711873830;142;100;19990000;-20;100;1;0.8742884;7.757999999999999
1278462878480830;145;100;19990000;-20;100;1;0.8742884;7.757999999999999
1278463411674330;141;100;19990000;-20;100;1;0.8742884;7.757999999999999
1278463444994060;143;100;19990000;-20;100;1;0.8742884;7.757999999999999
1278463544995560;140;100;19990000;-20;100;1;0.8742884;7.757999999999999
1278463678269560;143;100;19990000;-20;100;1;0.8742884;7.757999999999999
1278463978223560;143;100;19990000;-20;100;1;0.8742884;7.757999999999999
1278464344772290;156;100;19990000;-20;100;1;0.8742884;7.757999999999999
1278464378074560;151;100;19990000;-20;100;1;0.8742884;7.757999999999999
1278464411405060;146;100;19990000;-20;100;1;0.8742884;7.757999999999999
1278464811291290;141;100;19990000;-20;100;1;0.8742884;7.757999999999999
1278464877987790;154;100;19990000;-20;100;1;0.8742884;7.757999999999999
1278464944588290;148;100;19990000;-20;100;1;0.8742884;7.757999999999999
1278465644396790;149;100;19990000;-20;100;1;0.8742884;7.757999999999999
1278466010967520;148;100;19990000;-20;100;1;0.8742884;7.757999999999999
1278466210906520;149;100;19990000;-20;100;1;0.8742884;7.757999999999999
1278466677454750;141;100;19990000;-20;100;1;0.8742884;7.757999999999999
1278466977374250;152;100;19990000;-20;100;1;0.8742884;7.757999999999999
1278467010778250;150;100;19990000;-20;100;1;0.8742884;7.757999999999999
1278467743838480;143;100;19990000;-20;100;1;0.8742884;7.757999999999999
1278468710238480;149;100;19990000;-20;100;1;0.8742884;7.757999999999999
1278469376719710;147;100;19990000;-20;100;1;0.8742884;7.757999999999999
1278470309792440;147;100;19990000;-20;100;1;0.8742884;7.757999999999999
1278470776347670;0;0;19990000;-20;100;1;0.8742884;7.757999999999999
1278470976281940;148;100;19990000;-20;100;1;0.8742884;7.757999999999999
1278471042949670;146;100;19990000;-20;100;1;0.8742884;7.757999999999999
1278471676097170;145;100;19990000;-20;100;1;0.8742884;7.757999999999999
1278471776073670;147;100;19990000;-20;100;1;0.8742884;7.757999999999999
1278471942684170;154;100;19990000;-20;100;1;0.8742884;7.757999999999999
1278472042663900;148;100;19990000;-20;100;1;0.8742884;7.757999999999999
1278472309268900;149;100;19990000;-20;100;1;0.8742884;7.757999999999999
1278472775793400;145;100;19990000;-20;100;1;0.8742884;7.757999999999999
1278474175417630;155;100;19990000;-20;100;1;0.8742884;7.757999999999999
1278474308709130;148;100;19990000;-20;100;1;0.8742884;7.757999999999999
1278474808576360;154;100;19990000;-20;100;1;0.8742884;7.757999999999999
1278474941867860;156;100;19990000;-20;100;1;0.8742884;7.757999999999999
1278475208465090;0;0;19990000;-20;100;1;0.8742884;7.757999999999999
1278475741653590;156;100;19990000;-20;100;1;0.8742884;7.757999999999999
1278476174872590;152;100;19990000;-20;100;1;0.8742884;7.757999999999999
1278476241519590;159;100;19990000;-20;100;1;0.8742884;7.757999999999999
1278476274848090;0;0;19990000;-20;100;1;0.8742884;7.757999999999999
1278476308223820;0;0;19990000;-20;100;1;0.8742884;7.757999999999999
1278476508209320;156;100;19990000;-20;100;1;0.8742884;7.757999999999999
1278477007984820;158;100;19990000;-20;100;1;0.8742884;7.757999999999999
1278477041303320;159;100;19990000;-20;100;1;0.8742884;7.757999999999999
1278477074658820;155;100;19990000;-20;100;1;0.8742884;7.757999999999999
1278477241332550;155;100;19990000;-20;100;1;0.8742884;7.757999999999999
1278477374545050;0;0;19990000;-20;100;1;0.8742884;7.757999999999999
1278478240977550;154;100;19990000;-20;100;1;0.8742884;7.757999999999999
1278478307703050;153;100;19990000;-20;100;1;0.8742884;7.757999999999999
1278479174052280;157;100;19990000;-20;100;1;0.8742884;7.757999999999999
1278479274026780;159;100;19990000;-20;100;1;0.8742884;7.757999999999999
1278479507298280;161;100;19990000;-20;100;1;0.8742884;7.757999999999999
1278479573945010;0;0;19990000;-20;100;1;0.8742884;7.757999999999999
1278479607273280;0;0;19990000;-20;100;1;0.8742884;7.757999999999999
1278479873863510;163;100;19990000;-20;100;1;0.8742884;7.757999999999999
1278480273755510;158;100;19990000;-20;100;1;0.8742884;7.757999999999999
1278480573685740;161;100;19990000;-20;100;1;0.8742884;7.757999999999999
1278480673664010;0;0;19990000;-20;100;1;0.8742884;7.757999999999999
1278480940319740;160;100;19990000;-20;100;1;0.8742884;7.757999999999999
1278481173511240;158;100;19990000;-20;100;1;0.8742884;7.757999999999999
1278481606733240;157;100;19990000;-20;100;1;0.8742884;7.757999999999999
1278481806762470;0;0;19990000;-20;100;1;0.8742884;7.757999999999999
1278482373229470;161;100;19990000;-20;100;1;0.8742884;7.757999999999999
1278482573139470;160;100;19990000;-20;100;1;0.8742884;7.757999999999999
1278482673107200;162;100;19990000;-20;100;1;0.8742884;7.757999999999999
1278482806400470;163;100;19990000;-20;100;1;0.8742884;7.757999999999999
1278482839725970;161;100;19990000;-20;100;1;0.8742884;7.757999999999999
1278483106319200;161;100;19990000;-20;100;1;0.8742884;7.757999999999999
1278483706166430;161;100;19990000;-20;100;1;0.8742884;7.757999999999999
1278483939433930;165;100;19990000;-20;100;1;0.8742884;7.757999999999999
1278484272765930;163;100;19990000;-20;100;1;0.8742884;7.757999999999999
1278484372645430;166;100;19990000;-20;100;1;0.8742884;7.757999999999999
1278484505937430;164;100;19990000;-20;100;1;0.8742884;7.757999999999999
1278485239107160;163;100;19990000;-20;100;1;0.8742884;7.757999999999999
1278486572053890;168;100;19990000;-20;100;1;0.8742884;7.757999999999999
1278486938612620;169;100;19990000;-20;100;1;0.8742884;7.757999999999999
1278486971941120;169;100;19990000;-20;100;1;0.8742884;7.757999999999999
1278488004997850;170;100;19990000;-20;100;1;0.8742884;7.757999999999999
1278488404886350;0;0;19990000;-20;100;1;0.8742884;7.757999999999999
1278488704808850;168;100;19990000;-20;100;1;0.8742884;7.757999999999999
1278490204393580;168;100;19990000;-20;100;1;0.8742884;7.757999999999999
1278490304364080;170;100;19990000;-20;100;1;0.8742884;7.757999999999999
1278490337688580;169;100;19990000;-20;100;1;0.8742884;7.757999999999999
1278491037498310;170;100;19990000;-20;100;1;0.8742884;7.757999999999999
1278491337513310;169;100;19990000;-20;100;1;0.8742884;7.757999999999999
1278491837285540;170;100;19990000;-20;100;1;0.8742884;7.757999999999999
1278491937256040;171;100;19990000;-20;100;1;0.8742884;7.757999999999999
1278492137296540;171;100;19990000;-20;100;1;0.8742884;7.757999999999999
1278492170627540;170;100;19990000;-20;100;1;0.8742884;7.757999999999999
1278492303820540;170;100;19990000;-20;100;1;0.8742884;7.757999999999999
1278492337146270;172;100;19990000;-20;100;1;0.8742884;7.757999999999999
1278492437119540;169;100;19990000;-20;100;1;0.8742884;7.757999999999999
1278492470450540;169;100;19990000;-20;100;1;0.8742884;7.757999999999999
1278492537107040;171;100;19990000;-20;100;1;0.8742884;7.757999999999999
1278492603745270;171;100;19990000;-20;100;1;0.8742884;7.757999999999999
1278492770449270;174;100;19990000;-20;100;1;0.8742884;7.757999999999999
1278492936983270;172;100;19990000;-20;100;1;0.8742884;7.757999999999999
1278493403526500;171;100;19990000;-20;100;1;0.8742884;7.757999999999999
1278493470169770;172;100;19990000;-20;100;1;0.8742884;7.757999999999999
1278495169715230;170;100;19990000;-20;100;1;0.8742884;7.757999999999999
1278496436032460;170;100;19990000;-20;100;1;0.8742884;7.757999999999999
1278496569333460;172;100;19990000;-20;100;1;0.8742884;7.757999999999999
1278496702629690;170;100;19990000;-20;100;1;0.8742884;7.757999999999999
1278497502408690;176;100;19990000;-20;100;1;0.8742884;7.757999999999999
1278497602383690;177;100;19990000;-20;100;1;0.8742884;7.757999999999999
1278498135572420;177;100;19990000;-20;100;1;0.8742884;7.757999999999999
1278498302196920;0;0;19990000;-20;100;1;0.8742884;7.757999999999999
1278498668758420;176;100;19990000;-20;100;1;0.8742884;7.757999999999999
1278498702086420;176;100;19990000;-20;100;1;0.8742884;7.757999999999999
1278498735407420;176;100;19990000;-20;100;1;0.8742884;7.757999999999999
1278498768740420;176;100;19990000;-20;100;1;0.8742884;7.757999999999999
1278498935354650;178;100;19990000;-20;100;1;0.8742884;7.757999999999999
1278499335341150;176;100;19990000;-20;100;1;0.8742884;7.757999999999999
1278499435229150;0;0;19990000;-20;100;1;0.8742884;7.757999999999999
1278499868432380;179;100;19990000;-20;100;1;0.8742884;7.757999999999999
1278500101705650;181;100;19990000;-20;100;1;0.8742884;7.757999999999999
1278500601569880;180;100;19990000;-20;100;1;0.8742884;7.757999999999999
1278500701539380;179;100;19990000;-20;100;1;0.8742884;7.757999999999999
1278500734867380;180;100;19990000;-20;100;1;0.8742884;7.757999999999999
1278500868168380;180;100;19990000;-20;100;1;0.8742884;7.757999999999999
1278500901491110;180;100;19990000;-20;100;1;0.8742884;7.757999999999999
1278501068161110;180;100;19990000;-20;100;1;0.8742884;7.757999999999999
1278501434691610;180;100;19990000;-20;100;1;0.8742884;7.757999999999999
1278501934537110;179;100;19990000;-20;100;1;0.8742884;7.757999999999999
1278502034526840;180;100;19990000;-20;100;1;0.8742884;7.757999999999999
1278502301108840;180;100;19990000;-20;100;1;0.8742884;7.757999999999999
1278502334469840;180;100;19990000;-20;100;1;0.8742884;7.757999999999999
1278503067567070;183;100;19990000;-20;100;1;0.8742884;7.757999999999999
1278503267516070;184;100;19990000;-20;100;1;0.8742884;7.757999999999999
1278503567437070;183;100;19990000;-20;100;1;0.8742884;7.757999999999999
1278504267243300;183;100;19990000;-20;100;1;0.8742884;7.757999999999999
1278504533831800;182;100;19990000;-20;100;1;0.8742884;7.757999999999999
1278504700468800;183;100;19990000;-20;100;1;0.8742884;7.757999999999999
1278505433596300;184;100;19990000;-20;100;1;0.8742884;7.757999999999999
1278505633540530;184;100;19990000;-20;100;1;0.8742884;7.757999999999999
1278505866810530;184;100;19990000;-20;100;1;0.8742884;7.757999999999999
1278506499972530;184;100;19990000;-20;100;1;0.8742884;7.757999999999999
1278507533130760;185;100;19990000;-20;100;1;0.8742884;7.757999999999999
1278507566424490;185;100;19990000;-20;100;1;0.8742884;7.757999999999999
1278507632995760;186;100;19990000;-20;100;1;0.8742884;7.757999999999999
1278507766289990;186;100;19990000;-20;100;1;0.8742884;7.757999999999999
1278508166182490;186;100;19990000;-20;100;1;0.8742884;7.757999999999999
1278508266154990;0;0;19990000;-20;100;1;0.8742884;7.757999999999999
1278508432774490;185;100;19990000;-20;100;1;0.8742884;7.757999999999999
1278508766018220;185;100;19990000;-20;100;1;0.8742884;7.757999999999999
1278508966054220;185;100;19990000;-20;100;1;0.8742884;7.757999999999999
1278508999321220;184;100;19990000;-20;100;1;0.8742884;7.757999999999999
1278509032611720;185;100;19990000;-20;100;1;0.8742884;7.757999999999999
1278509399279220;185;100;19990000;-20;100;1;0.8742884;7.757999999999999
1278510165633450;185;100;19990000;-20;100;1;0.8742884;7.757999999999999
1278510365587450;185;100;19990000;-20;100;1;0.8742884;7.757999999999999
1278510399028950;0;0;19990000;-20;100;1;0.8742884;7.757999999999999
1278510498878950;186;100;19990000;-20;100;1;0.8742884;7.757999999999999
1278510665502950;186;100;19990000;-20;100;1;0.8742884;7.757999999999999
1278511232012680;186;100;19990000;-20;100;1;0.8742884;7.757999999999999
1278511398640680;186;100;19990000;-20;100;1;0.8742884;7.757999999999999
1278511965153410;186;100;19990000;-20;100;1;0.8742884;7.757999999999999
1278512764941410;187;100;19990000;-20;100;1;0.8742884;7.757999999999999
1278512798258910;187;100;19990000;-20;100;1;0.8742884;7.757999999999999
1278512964910910;187;100;19990000;-20;100;1;0.8742884;7.757999999999999
1278513031540640;187;100;19990000;-20;100;1;0.8742884;7.757999999999999
1278513731338640;0;0;19990000;-20;100;1;0.8742884;7.757999999999999
1278513964602870;187;100;19990000;-20;100;1;0.8742884;7.757999999999999
1278514031251370;188;100;19990000;-20;100;1;0.8742884;7.757999999999999
1278514297848370;187;100;19990000;-20;100;1;0.8742884;7.757999999999999
1278515064312870;187;100;19990000;-20;100;1;0.8742884;7.757999999999999
1278515130955870;187;100;19990000;-20;100;1;0.8742884;7.757999999999999
1278515297577600;187;100;19990000;-20;100;1;0.8742884;7.757999999999999
1278515997385330;188;100;19990000;-20;100;1;0.8742884;7.757999999999999
1278516064042600;188;100;19990000;-20;100;1;0.8742884;7.757999999999999
1278516430604330;188;100;19990000;-20;100;1;0.8742884;7.757999999999999
1278518130147290;0;0;19990000;-20;100;1;0.8742884;7.757999999999999
1278518563355290;190;100;19990000;-20;100;1;0.8742884;7.757999999999999
1278519296529520;188;100;19990000;-20;100;1;0.8742884;7.757999999999999
1278519363142290;189;100;19990000;-20;100;1;0.8742884;7.757999999999999
1278519596415020;189;100;19990000;-20;100;1;0.8742884;7.757999999999999
1278519929706520;189;100;19990000;-20;100;1;0.8742884;7.757999999999999
1278520062970520;189;100;19990000;-20;100;1;0.8742884;7.757999999999999
1278521029362250;190;100;19990000;-20;100;1;0.8742884;7.757999999999999
1278521462571250;0;0;19990000;-20;100;1;0.8742884;7.757999999999999
1278522195711480;190;100;19990000;-20;100;1;0.8742884;7.757999999999999
1278522695575980;190;100;19990000;-20;100;1;0.8742884;7.757999999999999
1278522795635710;191;100;19990000;-20;100;1;0.8742884;7.757999999999999
1278522862190710;190;100;19990000;-20;100;1;0.8742884;7.757999999999999
1278522962166210;190;100;19990000;-20;100;1;0.8742884;7.757999999999999
1278523462030710;189;100;19990000;-20;100;1;0.8742884;7.757999999999999
1278523628648440;0;0;19990000;-20;100;1;0.8742884;7.757999999999999
1278523795279940;191;100;19990000;-20;100;1;0.8742884;7.757999999999999
1278525028279170;191;100;19990000;-20;100;1;0.8742884;7.757999999999999
1278525161564170;192;100;19990000;-20;100;1;0.8742884;7.757999999999999
1278525294865170;191;100;19990000;-20;100;1;0.8742884;7.757999999999999
1278525361506170;191;100;19990000;-20;100;1;0.8742884;7.757999999999999
1278525428157670;191;100;19990000;-20;100;1;0.8742884;7.757999999999999
1278525661426670;191;100;19990000;-20;100;1;0.8742884;7.757999999999999
1278525894690400;192;100;19990000;-20;100;1;0.8742884;7.757999999999999
1278526227939900;193;100;19990000;-20;100;1;0.8742884;7.757999999999999
1278526461213900;192;100;19990000;-20;100;1;0.8742884;7.757999999999999
1278526527859400;193;100;19990000;-20;100;1;0.8742884;7.757999999999999
1278526794480900;192;100;19990000;-20;100;1;0.8742884;7.757999999999999
1278527094377630;192;100;19990000;-20;100;1;0.8742884;7.757999999999999
1278527427615130;192;100;19990000;-20;100;1;0.8742884;7.757999999999999
1278527727538130;191;100;19990000;-20;100;1;0.8742884;7.757999999999999
1278528127431360;192;100;19990000;-20;100;1;0.8742884;7.757999999999999
1278528160829360;193;100;19990000;-20;100;1;0.8742884;7.757999999999999
1278528727265860;193;100;19990000;-20;100;1;0.8742884;7.757999999999999
1278528760586360;192;100;19990000;-20;100;1;0.8742884;7.757999999999999
1278529093836860;193;100;19990000;-20;100;1;0.8742884;7.757999999999999
1278529460396590;194;100;19990000;-20;100;1;0.8742884;7.757999999999999
1278529926945820;193;100;19990000;-20;100;1;0.8742884;7.757999999999999
1278530860023320;193;100;19990000;-20;100;1;0.8742884;7.757999999999999
1278531093289320;194;100;19990000;-20;100;1;0.8742884;7.757999999999999
1278531126615320;194;100;19990000;-20;100;1;0.8742884;7.757999999999999
1278531593168050;195;100;19990000;-20;100;1;0.8742884;7.757999999999999
1278532192994050;195;100;19990000;-20;100;1;0.8742884;7.757999999999999
1278533059433280;194;100;19990000;-20;100;1;0.8742884;7.757999999999999
1278533359341780;195;100;19990000;-20;100;1;0.8742884;7.757999999999999
1278533525961010;0;0;19990000;-20;100;1;0.8742884;7.757999999999999
1278534425810510;197;100;19990000;-20;100;1;0.8742884;7.757999999999999
1278534525700240;198;100;19990000;-20;100;1;0.8742884;7.757999999999999
1278534592374740;196;100;19990000;-20;100;1;0.8742884;7.757999999999999
1278535358799470;196;100;19990000;-20;100;1;0.8742884;7.757999999999999
1278535558735970;196;100;19990000;-20;100;1;0.8742884;7.757999999999999
1278535625436470;196;100;19990000;-20;100;1;0.8742884;7.757999999999999
1278535692038970;197;100;19990000;-20;100;1;0.8742884;7.757999999999999
1278536125260970;197;100;19990000;-20;100;1;0.8742884;7.757999999999999
1278536425173200;196;100;19990000;-20;100;1;0.8742884;7.757999999999999
1278537924762430;0;0;19990000;-20;100;1;0.8742884;7.757999999999999
1278538158031430;198;100;19990000;-20;100;1;0.8742884;7.757999999999999
1278538857848660;198;100;19990000;-20;100;1;0.8742884;7.757999999999999
1278539257744160;198;100;19990000;-20;100;1;0.8742884;7.757999999999999
1278539291163160;199;100;19990000;-20;100;1;0.8742884;7.757999999999999
1278539424362160;198;100;19990000;-20;100;1;0.8742884;7.757999999999999
1278540290879890;200;100;19990000;-20;100;1;0.8742884;7.757999999999999
1278540757333120;199;100;19990000;-20;100;1;0.8742884;7.757999999999999
1278540890698620;199;100;19990000;-20;100;1;0.8742884;7.757999999999999
1278540957307620;198;100;19990000;-20;100;1;0.8742884;7.757999999999999
1278541357242120;199;100;19990000;-20;100;1;0.8742884;7.757999999999999
1278541390495120;199;100;19990000;-20;100;1;0.8742884;7.757999999999999
1278541957009850;198;100;19990000;-20;100;1;0.8742884;7.757999999999999
1278542057065620;198;100;19990000;-20;100;1;0.8742884;7.757999999999999
1278542156957850;199;100;19990000;-20;100;1;0.8742884;7.757999999999999
1278543523248080;198;100;19990000;-20;100;1;0.8742884;7.757999999999999
1278543889905080;201;100;19990000;-20;100;1;0.8742884;7.757999999999999
1278544223062310;200;100;19990000;-20;100;1;0.8742884;7.757999999999999
1278544389683310;201;100;19990000;-20;100;1;0.8742884;7.757999999999999
1278544556311810;0;0;19990000;-20;100;1;0.8742884;7.757999999999999
1278544622951310;199;100;19990000;-20;100;1;0.8742884;7.757999999999999
1278545122813810;201;100;19990000;-20;100;1;0.8742884;7.757999999999999
1278545156136040;200;100;19990000;-20;100;1;0.8742884;7.757999999999999
1278545556025040;202;100;19990000;-20;100;1;0.8742884;7.757999999999999
1278545889269540;202;100;19990000;-20;100;1;0.8742884;7.757999999999999
1278546089218540;202;100;19990000;-20;80;1;0.8742884;7.757999999999999
1278546222511270;204;100;19990000;-20;80;1;0.8742884;7.757999999999999
1278546522433770;203;100;19990000;-20;80;1;0.8742884;7.757999999999999
1278546555756270;202;100;19990000;-20;80;1;0.8742884;7.757999999999999
1278546789027270;0;0;19990000;-20;100;1;0.8742884;7.757999999999999
1278547088945270;204;100;19990000;-20;100;1;0.8742884;7.757999999999999
1278547355542270;202;100;19990000;-20;100;1;0.8742884;7.757999999999999
1278547388860770;203;100;19990000;-20;100;1;0.8742884;7.757999999999999
1278547822077000;199;100;19990000;-20;100;1;0.8742884;7.757999999999999
1278548521897000;201;100;19990000;-20;100;1;0.8742884;7.757999999999999
1278549155047730;204;100;19990000;-20;100;1;0.8742884;7.757999999999999
1278549321670460;203;100;19990000;-20;100;1;0.8742884;7.757999999999999
1278549355089460;202;100;19990000;-20;100;1;0.8742884;7.757999999999999
1278549788214960;203;100;19990000;-20;100;1;0.8742884;7.757999999999999
1278549888182960;202;100;19990000;-20;100;1;0.8742884;7.757999999999999
1278550321402460;206;100;19990000;-20;100;1;0.8742884;7.757999999999999
1278550654640190;206;100;19990000;-20;80;1;0.8742884;7.757999999999999
1278550788010190;204;100;19990000;-20;80;1;0.8742884;7.757999999999999
1278550921242690;204;100;19990000;-20;80;1;0.8742884;7.757999999999999
1278550954574190;204;100;19990000;-20;80;1;0.8742884;7.757999999999999
1278551021212690;204;100;19990000;-20;80;1;0.8742884;7.757999999999999
1278551587722920;205;100;19990000;-20;100;1;0.8742884;7.757999999999999
1278551654372920;204;100;19990000;-20;100;1;0.8742884;7.757999999999999
1278551954303420;204;100;19990000;-20;100;1;0.8742884;7.757999999999999
1278552520808650;205;100;19990000;-20;100;1;0.8742884;7.757999999999999
1278552554127150;207;100;19990000;-20;100;1;0.8742884;7.757999999999999
1278553787138150;206;100;19990000;-20;100;1;0.8742884;7.757999999999999
1278554020394880;204;100;19990000;-20;100;1;0.8742884;7.757999999999999
1278554087102380;205;100;19990000;-20;100;1;0.8742884;7.757999999999999
1278554386961880;205;100;19990000;-20;100;1;0.8742884;7.757999999999999
1278554786852610;206;100;19990000;-20;100;1;0.8742884;7.757999999999999
1278554820265380;207;100;19990000;-20;100;1;0.8742884;7.757999999999999
1278554853499380;207;100;19990000;-20;100;1;0.8742884;7.757999999999999
1278554886867380;205;100;19990000;-20;100;1;0.8742884;7.757999999999999
1278554953474110;205;100;19990000;-20;100;1;0.8742884;7.757999999999999
1278555286714610;204;100;19990000;-20;80;1;0.8742884;7.757999999999999
1278555719972610;208;100;19990000;-20;100;1;0.8742884;7.757999999999999
1278555819906110;208;100;19990000;-20;100;1;0.8742884;7.757999999999999
1278556453069340;207;100;19990000;-20;80;1;0.8742884;7.757999999999999
1278557552770570;208;100;19990000;-20;80;1;0.8742884;7.757999999999999
1278558019306070;209;100;19990000;-20;100;1;0.8742884;7.757999999999999
1278558052629070;209;100;19990000;-20;100;1;0.8742884;7.757999999999999
1278558719121300;208;100;19990000;-20;80;1;0.8742884;7.757999999999999
1278558785842800;207;100;19990000;-20;80;1;0.8742884;7.757999999999999
1278558819099800;207;100;19990000;-20;80;1;0.8742884;7.757999999999999
1278559185728800;208;100;19990000;-20;100;1;0.8742884;7.757999999999999
1278560218793030;209;100;19990000;-20;100;1;0.8742884;7.757999999999999
1278560285358760;209;100;19990000;-20;100;1;0.8742884;7.757999999999999
1278560352004260;208;100;19990000;-20;80;1;0.8742884;7.757999999999999
1278560518628260;209;100;19990000;-20;80;1;0.8742884;7.757999999999999
1278560585273260;208;100;19990000;-20;80;1;0.8742884;7.757999999999999
1278561085141260;0;0;19990000;-20;80;1;0.8742884;7.757999999999999
1278561218441490;212;100;19990000;-20;100;1;0.8742884;7.757999999999999
1278561418395260;210;100;19990000;-20;100;1;0.8742884;7.757999999999999
1278561551755990;208;100;19990000;-20;80;1;0.8742884;7.757999999999999
1278561751633490;210;100;19990000;-20;80;1;0.8742884;7.757999999999999
1278562551421220;209;100;19990000;-20;80;1;0.8742884;7.757999999999999
1278562751356220;210;100;19990000;-20;80;1;0.8742884;7.757999999999999
1278562951303720;210;100;19990000;-20;80;1;0.8742884;7.757999999999999
1278563017949220;210;100;19990000;-20;80;1;0.8742884;7.757999999999999
1278563151244220;210;100;19990000;-20;80;1;0.8742884;7.757999999999999
1278563351191450;209;100;19990000;-20;100;1;0.8742884;7.757999999999999
1278563384536950;213;100;19990000;-20;100;1;0.8742884;7.757999999999999
1278563451169720;213;100;19990000;-20;100;1;0.8742884;7.757999999999999
1278563617790450;211;100;19990000;-20;100;1;0.8742884;7.757999999999999
1278564051064950;210;100;19990000;-20;80;1;0.8742884;7.757999999999999
1278564084327950;211;100;19990000;-20;80;1;0.8742884;7.757999999999999
1278564150975950;211;100;19990000;-20;80;1;0.8742884;7.757999999999999
1278564350920180;211;100;19990000;-20;80;1;0.8742884;7.757999999999999
1278564984091180;212;100;19990000;-20;100;1;0.8742884;7.757999999999999
1278565217348180;209;100;19990000;-20;100;1;0.8742884;7.757999999999999
1278565284015180;211;100;19990000;-20;100;1;0.8742884;7.757999999999999
1278565550595680;207;100;19990000;-20;100;1;0.8742884;7.757999999999999
1278565650573910;213;100;19990000;-20;100;1;0.8742884;7.757999999999999
1278565683897410;213;100;19990000;-20;100;1;0.8742884;7.757999999999999
1278565850517910;212;100;19990000;-20;100;1;0.8742884;7.757999999999999
1278566150429410;212;100;19990000;-20;100;1;0.8742884;7.757999999999999
1278566383709410;211;100;19990000;-20;100;1;0.8742884;7.757999999999999
1278566816924140;212;100;19990000;-20;100;1;0.8742884;7.757999999999999
1278567183485640;211;100;19990000;-20;100;1;0.8742884;7.757999999999999
1278568049916370;211;100;19990000;-20;100;1;0.8742884;7.757999999999999
1278568449807370;211;100;19990000;-20;80;1;0.8742884;7.757999999999999
1278568583102870;211;100;19990000;-20;80;1;0.8742884;7.757999999999999
1278568616433370;212;100;19990000;-20;80;1;0.8742884;7.757999999999999
1278568683077370;211;100;19990000;-20;80;1;0.8742884;7.757999999999999
1278568816370370;0;0;19990000;-20;100;1;0.8742884;7.757999999999999
1278568949669100;216;100;19990000;-20;100;1;0.8742884;7.757999999999999
1278569816103830;211;100;19990000;-20;80;1;0.8742884;7.757999999999999
1278569849429100;209;100;19990000;-20;80;1;0.8742884;7.757999999999999
1278569916085830;0;0;19990000;-20;100;1;0.8742884;7.757999999999999
1278569949403600;211;100;19990000;-20;100;1;0.8742884;7.757999999999999
1278570016047830;214;100;19990000;-20;100;1;0.8742884;7.757999999999999
1278570715865330;211;100;19990000;-20;100;1;0.8742884;7.757999999999999
1278571115755830;214;100;19990000;-20;100;1;0.8742884;7.757999999999999
1278571182410560;215;100;19990000;-20;100;1;0.8742884;7.757999999999999
1278571782242060;212;100;19990000;-20;100;1;0.8742884;7.757999999999999
1278572182141060;213;100;19990000;-20;100;1;0.8742884;7.757999999999999
1278572948595020;212;100;19990000;-20;100;1;0.8742884;7.757999999999999
1278573448465020;213;100;19990000;-20;100;1;0.8742884;7.757999999999999
1278573548503020;213;100;19990000;-20;100;1;0.8742884;7.757999999999999
1278574014963520;213;100;19990000;-20;80;1;0.8742884;7.757999999999999
1278574814771750;213;100;19990000;-20;100;1;0.8742884;7.757999999999999
1278575248052250;213;100;19990000;-20;100;1;0.8742884;7.757999999999999
1278575781162480;215;100;19990000;-20;100;1;0.8742884;7.757999999999999
1278575847800480;214;100;19990000;-20;100;1;0.8742884;7.757999999999999
1278575981092980;213;100;19990000;-20;100;1;0.8742884;7.757999999999999
1278576014468980;213;100;19990000;-20;100;1;0.8742884;7.757999999999999
1278576114396980;213;100;19990000;-20;100;1;0.8742884;7.757999999999999
1278576147731480;213;100;19990000;-20;100;1;0.8742884;7.757999999999999
1278576247713710;213;100;19990000;-20;100;1;0.8742884;7.757999999999999
1278576414311210;213;100;19990000;-20;100;1;0.8742884;7.757999999999999
1278576714229210;215;100;19990000;-20;100;1;0.8742884;7.757999999999999
1278577247421710;214;100;19990000;-20;100;1;0.8742884;7.757999999999999
1278577280746440;213;100;19990000;-20;100;1;0.8742884;7.757999999999999
1278577347400710;215;100;19990000;-20;100;1;0.8742884;7.757999999999999
1278578113848440;214;100;19990000;-20;100;1;0.8742884;7.757999999999999
1278578313799940;215;100;19990000;-20;100;1;0.8742884;7.757999999999999
1278578580394670;214;100;19990000;-20;100;1;0.8742884;7.757999999999999
1278578980286670;217;100;19990000;-20;100;1;0.8742884;7.757999999999999
1278579113582170;216;100;19990000;-20;100;1;0.8742884;7.757999999999999
1278579213557170;216;100;19990000;-20;100;1;0.8742884;7.757999999999999
1278579313545670;216;100;19990000;-20;100;1;0.8742884;7.757999999999999
1278579546808900;215;100;19990000;-20;100;1;0.8742884;7.757999999999999
1278579613444400;215;100;19990000;-20;100;1;0.8742884;7.757999999999999
1278579680097170;216;100;19990000;-20;100;1;0.8742884;7.757999999999999
1278580479876130;216;100;19990000;-20;100;1;0.8742884;7.757999999999999
1278580546518130;216;100;19990000;-20;100;1;0.8742884;7.757999999999999
1278580746466400;215;100;19990000;-20;100;1;0.8742884;7.757999999999999
1278581113039130;218;100;19990000;-20;100;1;0.8742884;7.757999999999999
1278582146088860;221;100;19990000;-20;100;1;0.8742884;7.757999999999999
1278582279383860;220;100;19990000;-20;100;1;0.8742884;7.757999999999999
1278582779253090;218;100;19990000;-20;100;1;0.8742884;7.757999999999999
1278583279118090;221;100;19990000;-20;100;1;0.8742884;7.757999999999999
1278583445735590;219;100;19990000;-20;100;1;0.8742884;7.757999999999999
1278583712333590;218;100;19990000;-20;100;1;0.8742884;7.757999999999999
1278583912278090;218;100;19990000;-20;100;1;0.8742884;7.757999999999999
1278584012255320;218;100;19990000;-20;100;1;0.8742884;7.757999999999999
1278584345492820;224;100;19990000;-20;100;1;0.8742884;7.757999999999999
1278584912008550;218;100;19990000;-20;100;1;0.8742884;7.757999999999999
1278584945328050;218;100;19990000;-20;100;1;0.8742884;7.757999999999999
1278586211672780;218;100;19990000;-20;100;1;0.8742884;7.757999999999999
1278586578215780;222;100;19990000;-20;100;1;0.8742884;7.757999999999999
1278587344679510;221;100;19990000;-20;100;1;0.8742884;7.757999999999999
1278587411324510;220;100;19990000;-20;100;1;0.8742884;7.757999999999999
1278587511299510;0;0;19990000;-20;100;1;0.8742884;7.757999999999999
1278587811207010;222;100;19990000;-20;100;1;0.8742884;7.757999999999999
1278588111149010;220;100;19990000;-20;100;1;0.8742884;7.757999999999999
1278588211108740;220;100;19990000;-20;100;1;0.8742884;7.757999999999999
1278589077542470;221;100;19990000;-20;100;1;0.8742884;7.757999999999999
1278590010658970;223;100;19990000;-20;100;1;0.8742884;7.757999999999999
1278590743757200;223;100;19990000;-20;100;1;0.8742884;7.757999999999999
1278591243618700;222;100;19990000;-20;100;1;0.8742884;7.757999999999999
1278591910100430;0;0;19990000;-20;100;1;0.8742884;7.757999999999999
1278591976756430;222;100;19990000;-20;100;1;0.8742884;7.757999999999999
1278592709897160;222;100;19990000;-20;100;1;0.8742884;7.757999999999999
1278592776535660;223;100;19990000;-20;100;1;0.8742884;7.757999999999999
1278593076451160;221;100;19990000;-20;100;1;0.8742884;7.757999999999999
1278593209841660;227;100;19990000;-20;100;1;0.8742884;7.757999999999999
1278593909561390;222;100;19990000;-20;100;1;0.8742884;7.757999999999999
1278594742666620;225;100;19990000;-20;100;1;0.8742884;7.757999999999999
1278594809315620;225;100;19990000;-20;100;1;0.8742884;7.757999999999999
1278595209210120;0;0;19990000;-20;100;1;0.8742884;7.757999999999999
1278595609100850;226;100;19990000;-20;100;1;0.8742884;7.757999999999999
1278596875426350;227;100;19990000;-20;100;1;0.8742884;7.757999999999999
1278597775176310;229;100;19990000;-20;100;1;0.8742884;7.757999999999999
1278597908548310;228;100;19990000;-20;100;1;0.8742884;7.757999999999999
1278598308366310;227;100;19990000;-20;100;1;0.8742884;7.757999999999999
1278600174524770;228;100;19990000;-20;100;1;0.8742884;7.757999999999999
1278601540913500;231;100;19990000;-20;100;1;0.8742884;7.757999999999999
1278602540550730;230;100;19990000;-20;100;1;0.8742884;7.757999999999999
1278603173712230;236;100;19990000;-20;100;1;0.8742884;7.757999999999999
1278603307011960;236;100;19990000;-20;100;1;0.8742884;7.757999999999999
1278603473629460;234;100;19990000;-20;100;1;0.8742884;7.757999999999999
1278603673577960;233;100;19990000;-20;100;1;0.8742884;7.757999999999999
1278603873519460;234;100;19990000;-20;100;1;0.8742884;7.757999999999999
1278604073463960;0;0;19990000;-20;100;1;0.8742884;7.757999999999999
1278604140120460;235;100;19990000;-20;100;1;0.8742884;7.757999999999999
1278604440032960;235;100;19990000;-20;100;1;0.8742884;7.757999999999999
1278605839660420;238;100;19990000;-20;100;1;0.8742884;7.757999999999999
1278606806053650;238;100;19990000;-20;100;1;0.8742884;7.757999999999999
1278606939349650;237;100;19990000;-20;100;1;0.8742884;7.757999999999999
1278607372573650;0;0;19990000;-20;100;1;0.8742884;7.757999999999999
1278608072428380;239;100;19990000;-20;100;1;0.8742884;7.757999999999999
1278608505593110;238;100;19990000;-20;100;1;0.8742884;7.757999999999999
1278608605583880;241;100;19990000;-20;100;1;0.8742884;7.757999999999999
1278609905216340;238;100;19990000;-20;100;1;0.8742884;7.757999999999999
1278610271779840;240;100;19990000;-20;100;1;0.8742884;7.757999999999999
1278610638361340;0;0;19990000;-20;100;1;0.8742884;7.757999999999999
1278610705003340;239;100;19990000;-20;100;1;0.8742884;7.757999999999999
1278610804976340;243;100;19990000;-20;100;1;0.8742884;7.757999999999999
1278610838297570;242;100;19990000;-20;100;1;0.8742884;7.757999999999999
1278610904945570;243;100;19990000;-20;100;1;0.8742884;7.757999999999999
1278611271514570;242;100;19990000;-20;100;1;0.8742884;7.757999999999999
1278611671401070;242;100;19990000;-20;100;1;0.8742884;7.757999999999999
1278611738052800;0;0;19990000;-20;100;1;0.8742884;7.757999999999999
1278611838022570;243;100;19990000;-20;100;1;0.8742884;7.757999999999999
1278611871444570;243;100;19990000;-20;100;1;0.8742884;7.757999999999999
1278612071294300;241;100;19990000;-20;100;1;0.8742884;7.757999999999999
1278612304558300;242;100;19990000;-20;100;1;0.8742884;7.757999999999999
1278612771103030;242;100;19990000;-20;100;1;0.8742884;7.757999999999999
1278613037797300;242;100;19990000;-20;100;1;0.8742884;7.757999999999999
1278613170995530;241;100;19990000;-20;100;1;0.8742884;7.757999999999999
1278613737539030;242;100;19990000;-20;100;1;0.8742884;7.757999999999999
1278613904125760;239;100;19990000;-20;100;1;0.8742884;7.757999999999999
1278614037447760;244;100;19990000;-20;100;1;0.8742884;7.757999999999999
1278614503968760;244;100;19990000;-20;100;1;0.8742884;7.757999999999999
1278616136853220;0;0;19990000;-20;100;1;0.8742884;7.757999999999999
1278616170185490;0;0;19990000;-20;100;1;0.8742884;7.757999999999999
1278616803341720;246;100;19990000;-20;100;1;0.8742884;7.757999999999999
1278617069936220;246;100;19990000;-20;100;1;0.8742884;7.757999999999999
1278617136582720;245;100;19990000;-20;100;1;0.8742884;7.757999999999999
1278617203239220;245;100;19990000;-20;100;1;0.8742884;7.757999999999999
1278617269881950;0;0;19990000;-20;100;1;0.8742884;7.757999999999999
1278617469903950;246;100;19990000;-20;100;1;0.8742884;7.757999999999999
1278617903041450;247;100;19990000;-20;100;1;0.8742884;7.757999999999999
1278618336260950;0;0;19990000;-20;100;1;0.8742884;7.757999999999999
1278618402910450;0;0;19990000;-20;100;1;0.8742884;7.757999999999999
1278619136050680;248;100;19990000;-20;100;1;0.8742884;7.757999999999999
1278619202689410;247;100;19990000;-20;100;1;0.8742884;7.757999999999999
1278619435965180;0;0;19990000;-20;100;1;0.8742884;7.757999999999999
1278619602602410;249;100;19990000;-20;100;1;0.8742884;7.757999999999999
1278620035821410;247;100;19990000;-20;100;1;0.8742884;7.757999999999999
1278620335719910;247;100;19990000;-20;100;1;0.8742884;7.757999999999999
1278621102177140;248;100;19990000;-20;100;1;0.8742884;7.757999999999999
1278621135598140;248;100;19990000;-20;100;1;0.8742884;7.757999999999999
1278621335521640;247;100;19990000;-20;100;1;0.8742884;7.757999999999999
1278621602041140;247;100;19990000;-20;100;1;0.8742884;7.757999999999999
1278622235201370;248;100;19990000;-20;100;1;0.8742884;7.757999999999999
1278622501790600;248;100;19990000;-20;100;1;0.8742884;7.757999999999999
1278622635126370;249;100;19990000;-20;100;1;0.8742884;7.757999999999999
1278622668422870;249;100;19990000;-20;100;1;0.8742884;7.757999999999999
1278623001660100;249;100;19990000;-20;100;1;0.8742884;7.757999999999999
1278623501522330;249;100;19990000;-20;100;1;0.8742884;7.757999999999999
1278623534849830;250;100;19990000;-20;100;1;0.8742884;7.757999999999999
1278623768121330;250;100;19990000;-20;100;1;0.8742884;7.757999999999999
1278623801444830;248;100;19990000;-20;100;1;0.8742884;7.757999999999999
1278623834770330;0;0;19990000;-20;100;1;0.8742884;7.757999999999999
1278624634548830;250;100;19990000;-20;100;1;0.8742884;7.757999999999999
1278624767847060;251;100;19990000;-20;100;1;0.8742884;7.757999999999999
1278624867831060;250;100;19990000;-20;100;1;0.8742884;7.757999999999999
1278625067881060;251;100;19990000;-20;100;1;0.8742884;7.757999999999999
1278625834222560;250;100;19990000;-20;100;1;0.8742884;7.757999999999999
1278626300767790;251;100;19990000;-20;100;1;0.8742884;7.757999999999999
1278626367413290;250;100;19990000;-20;100;1;0.8742884;7.757999999999999
1278626867319520;249;100;19990000;-20;100;1;0.8742884;7.757999999999999
1278626967250520;249;100;19990000;-20;100;1;0.8742884;7.757999999999999
1278627600494020;250;100;19990000;-20;100;1;0.8742884;7.757999999999999
1278628000297020;251;100;19990000;-20;100;1;0.8742884;7.757999999999999
1278628066955520;251;100;19990000;-20;100;1;0.8742884;7.757999999999999
1278628100273250;251;100;19990000;-20;100;1;0.8742884;7.757999999999999
1278628133599750;252;100;19990000;-20;100;1;0.8742884;7.757999999999999
1278628500166750;250;100;19990000;-20;100;1;0.8742884;7.757999999999999
1278629499981980;255;100;19990000;-20;100;1;0.8742884;7.757999999999999
1278630099729710;253;100;19990000;-20;100;1;0.8742884;7.757999999999999
1278630233038210;254;100;19990000;-20;100;1;0.8742884;7.757999999999999
1278630666251710;254;100;19990000;-20;100;1;0.8742884;7.757999999999999
1278630799545210;254;100;19990000;-20;100;1;0.8742884;7.757999999999999
1278630966184210;254;100;19990000;-20;100;1;0.8742884;7.757999999999999
1278631166199710;255;100;19990000;-20;100;1;0.8742884;7.757999999999999
1278631665968440;256;100;19990000;-20;100;1;0.8742884;7.757999999999999
1278631932563440;256;100;19990000;-20;100;1;0.8742884;7.757999999999999
1278631999225940;256;100;19990000;-20;100;1;0.8742884;7.757999999999999
1278633198888170;256;100;19990000;-20;100;1;0.8742884;7.757999999999999
1278633232219900;256;100;19990000;-20;100;1;0.8742884;7.757999999999999
1278633332188900;256;100;19990000;-20;100;1;0.8742884;7.757999999999999
1278633432165170;257;100;19990000;-20;100;1;0.8742884;7.757999999999999
1278633498804900;256;100;19990000;-20;100;1;0.8742884;7.757999999999999
1278633632104900;256;100;19990000;-20;100;1;0.8742884;7.757999999999999
1278633765400400;0;0;19990000;-20;100;1;0.8742884;7.757999999999999
1278634065320900;256;100;19990000;-20;100;1;0.8742884;7.757999999999999
1278634265285900;256;100;19990000;-20;100;1;0.8742884;7.757999999999999
1278634398562630;256;100;19990000;-20;100;1;0.8742884;7.757999999999999
1278634831775630;256;100;19990000;-20;100;1;0.8742884;7.757999999999999
1278634865159630;0;0;19990000;-20;100;1;0.8742884;7.757999999999999
1278635498259860;258;100;19990000;-20;100;1;0.8742884;7.757999999999999
1278636464668090;258;100;19990000;-20;100;1;0.8742884;7.757999999999999
1278637264486090;260;100;19990000;-20;100;1;0.8742884;7.757999999999999
1278637297777590;259;100;19990000;-20;100;1;0.8742884;7.757999999999999
1278637331100590;259;100;19990000;-20;100;1;0.8742884;7.757999999999999
1278637830963820;259;100;19990000;-20;100;1;0.8742884;7.757999999999999
1278638030911320;259;100;19990000;-20;100;1;0.8742884;7.757999999999999
1278638230861320;259;100;19990000;-20;100;1;0.8742884;7.757999999999999
1278638464123820;259;100;19990000;-20;100;1;0.8742884;7.757999999999999
1278638630748320;259;100;19990000;-20;100;1;0.8742884;7.757999999999999
1278638897345050;258;100;19990000;-20;100;1;0.8742884;7.757999999999999
1278639230586050;259;100;19990000;-20;100;1;0.8742884;7.757999999999999
1278639363878050;261;100;19990000;-20;100;1;0.8742884;7.757999999999999
1278639530501050;261;100;19990000;-20;100;1;0.8742884;7.757999999999999
1278639797099050;260;100;19990000;-20;100;1;0.8742884;7.757999999999999
1278639830420550;260;100;19990000;-20;100;1;0.8742884;7.757999999999999
1278639863747550;260;100;19990000;-20;100;1;0.8742884;7.757999999999999
1278639897066050;260;100;19990000;-20;100;1;0.8742884;7.757999999999999
1278640830149780;260;100;19990000;-20;100;1;0.8742884;7.757999999999999
1278640863490780;260;100;19990000;-20;100;1;0.8742884;7.757999999999999
1278641196718010;260;100;19990000;-20;100;1;0.8742884;7.757999999999999
1278642563012240;0;0;19990000;-20;100;1;0.8742884;7.757999999999999
1278643929303200;262;100;19990000;-20;100;1;0.8742884;7.757999999999999
1278644062611970;261;100;19990000;-20;100;1;0.8742884;7.757999999999999
1278644229229970;261;100;19990000;-20;100;1;0.8742884;7.757999999999999
1278644429173200;261;100;19990000;-20;100;1;0.8742884;7.757999999999999
1278644595802700;261;100;19990000;-20;100;1;0.8742884;7.757999999999999
1278644695764200;261;100;19990000;-20;100;1;0.8742884;7.757999999999999
1278645029101700;263;100;19990000;-20;100;1;0.8742884;7.757999999999999
1278645228962430;264;100;19990000;-20;100;1;0.8742884;7.757999999999999
1278645328942430;263;100;19990000;-20;100;1;0.8742884;7.757999999999999
1278645429001430;263;100;19990000;-20;100;1;0.8742884;7.757999999999999
1278645862111430;0;0;19990000;-20;100;1;0.8742884;7.757999999999999
1278645895468430;0;0;19990000;-20;100;1;0.8742884;7.757999999999999
1278646162037660;263;100;19990000;-20;100;1;0.8742884;7.757999999999999
1278646895165660;263;100;19990000;-20;100;1;0.8742884;7.757999999999999
1278647028462160;0;0;19990000;-20;100;1;0.8742884;7.757999999999999
1278647295053890;264;100;19990000;-20;100;1;0.8742884;7.757999999999999
1278647395077890;264;100;19990000;-20;100;1;0.8742884;7.757999999999999
1278647461685660;263;100;19990000;-20;100;1;0.8742884;7.757999999999999
1278647528340390;264;100;19990000;-20;100;1;0.8742884;7.757999999999999
1278648028195390;264;100;19990000;-20;100;1;0.8742884;7.757999999999999
1278648194814390;265;100;19990000;-20;100;1;0.8742884;7.757999999999999
1278648294791890;264;100;19990000;-20;100;1;0.8742884;7.757999999999999
1278649627761850;265;100;19990000;-20;100;1;0.8742884;7.757999999999999
1278650160947850;265;100;19990000;-20;100;1;0.8742884;7.757999999999999
1278651460595580;266;100;19990000;-20;100;1;0.8742884;7.757999999999999
1278651860489810;267;100;19990000;-20;100;1;0.8742884;7.757999999999999
1278651960461810;267;100;19990000;-20;100;1;0.8742884;7.757999999999999
1278652926940040;268;100;19990000;-20;100;1;0.8742884;7.757999999999999
1278653759971540;268;100;19990000;-20;100;1;0.8742884;7.757999999999999
1278653859974040;268;100;19990000;-20;100;1;0.8742884;7.757999999999999
1278653893270040;269;100;19990000;-20;100;1;0.8742884;7.757999999999999
1278653993247770;268;100;19990000;-20;100;1;0.8742884;7.757999999999999
1278654093212770;267;100;19990000;-20;100;1;0.8742884;7.757999999999999
1278654726383270;0;0;19990000;-20;100;1;0.8742884;7.757999999999999
1278654859678000;268;100;19990000;-20;100;1;0.8742884;7.757999999999999
1278655492838000;268;100;19990000;-20;100;1;0.8742884;7.757999999999999
1278655859401230;269;100;19990000;-20;100;1;0.8742884;7.757999999999999
1278656292618230;269;100;19990000;-20;100;1;0.8742884;7.757999999999999
1278656625862230;270;100;19990000;-20;100;1;0.8742884;7.757999999999999
1278656759153230;270;100;19990000;-20;100;1;0.8742884;7.757999999999999
1278656925873960;0;0;19990000;-20;100;1;0.8742884;7.757999999999999
1278657092402230;270;100;19990000;-20;100;1;0.8742884;7.757999999999999
1278657958829460;266;100;19990000;-20;100;1;0.8742884;7.757999999999999
1278657992159960;0;0;19990000;-20;100;1;0.8742884;7.757999999999999
1278658325408190;271;100;19990000;-20;100;1;0.8742884;7.757999999999999
1278658425367690;272;100;19990000;-20;100;1;0.8742884;7.757999999999999
1278658525352190;270;100;19990000;-20;100;1;0.8742884;7.757999999999999
1278658658645190;270;100;19990000;-20;100;1;0.8742884;7.757999999999999
1278658891914690;271;100;19990000;-20;100;1;0.8742884;7.757999999999999
1278658991916420;271;100;19990000;-20;100;1;0.8742884;7.757999999999999
1278660091644420;270;100;19990000;-20;100;1;0.8742884;7.757999999999999
1278660358287920;270;100;19990000;-20;100;1;0.8742884;7.757999999999999
1278660591458650;270;100;19990000;-20;100;1;0.8742884;7.757999999999999
1278660758071150;272;100;19990000;-20;100;1;0.8742884;7.757999999999999
1278662224335880;272;100;19990000;-20;100;1;0.8742884;7.757999999999999
1278662290987880;272;100;19990000;-20;100;1;0.8742884;7.757999999999999
1278662624232110;272;100;19990000;-20;100;1;0.8742884;7.757999999999999
1278662690881610;271;100;19990000;-20;100;1;0.8742884;7.757999999999999
1278663490745840;0;0;19990000;-20;100;1;0.8742884;7.757999999999999
1278663590635610;274;100;19990000;-20;100;1;0.8742884;7.757999999999999
1278663990526840;274;100;19990000;-20;100;1;0.8742884;7.757999999999999
1278664423746070;274;100;19990000;-20;100;1;0.8742884;7.757999999999999
1278664557049340;274;100;19990000;-20;100;1;0.8742884;7.757999999999999
1278665156976570;274;100;19990000;-20;100;1;0.8742884;7.757999999999999
1278665290173570;274;100;19990000;-20;100;1;0.8742884;7.757999999999999
1278665423476070;274;100;19990000;-20;100;1;0.8742884;7.757999999999999
1278665956663800;276;100;19990000;-20;100;1;0.8742884;7.757999999999999
1278666023310300;275;100;19990000;-20;100;1;0.8742884;7.757999999999999
1278666589823030;274;100;19990000;-20;100;1;0.8742884;7.757999999999999
1278666623148530;275;100;19990000;-20;100;1;0.8742884;7.757999999999999
1278666889741530;275;100;19990000;-20;100;1;0.8742884;7.757999999999999
1278667589602030;275;100;19990000;-20;100;1;0.8742884;7.757999999999999
1278667822821260;275;100;19990000;-20;100;1;0.8742884;7.757999999999999
1278667956149260;0;0;19990000;-20;100;1;0.8742884;7.757999999999999
1278668156061260;275;100;19990000;-20;100;1;0.8742884;7.757999999999999
1278668489303760;275;100;19990000;-20;100;1;0.8742884;7.757999999999999
1278668555952260;275;100;19990000;-20;100;1;0.8742884;7.757999999999999
1278668955846260;275;100;19990000;-20;100;1;0.8742884;7.757999999999999
1278669322414490;277;100;19990000;-20;100;1;0.8742884;7.757999999999999
1278669389064990;277;100;19990000;-20;100;1;0.8742884;7.757999999999999
1278669522356990;276;100;19990000;-20;100;1;0.8742884;7.757999999999999
1278669788953720;277;100;19990000;-20;100;1;0.8742884;7.757999999999999
1278669822268990;276;100;19990000;-20;100;1;0.8742884;7.757999999999999
1278669855597720;276;100;19990000;-20;100;1;0.8742884;7.757999999999999
1278669888919220;276;100;19990000;-20;100;1;0.8742884;7.757999999999999
1278669955609220;276;100;19990000;-20;100;1;0.8742884;7.757999999999999
1278670055590990;276;100;19990000;-20;100;1;0.8742884;7.757999999999999
1278670288815720;277;100;19990000;-20;100;1;0.8742884;7.757999999999999
1278670722029220;276;100;19990000;-20;100;1;0.8742884;7.757999999999999
1278670855329220;277;100;19990000;-20;100;1;0.8742884;7.757999999999999
1278671655122450;277;100;19990000;-20;100;1;0.8742884;7.757999999999999
1278672154974950;277;100;19990000;-20;100;1;0.8742884;7.757999999999999
1278672621517680;277;100;19990000;-20;100;1;0.8742884;7.757999999999999
1278672688180180;279;100;19990000;-20;100;1;0.8742884;7.757999999999999
1278672888120680;279;100;19990000;-20;100;1;0.8742884;7.757999999999999
1278672954759680;278;100;19990000;-20;100;1;0.8742884;7.757999999999999
1278673687924910;278;100;19990000;-20;100;1;0.8742884;7.757999999999999
1278673821188910;278;100;19990000;-20;100;1;0.8742884;7.757999999999999
1278674121108910;278;100;19990000;-20;100;1;0.8742884;7.757999999999999
1278674287731910;278;100;19990000;-20;100;1;0.8742884;7.757999999999999
1278674354378410;277;100;19990000;-20;100;1;0.8742884;7.757999999999999
1278674887566640;280;100;19990000;-20;100;1;0.8742884;7.757999999999999
1278674987538140;279;100;19990000;-20;100;1;0.8742884;7.757999999999999
1278675354117370;279;100;19990000;-20;100;1;0.8742884;7.757999999999999
1278675420756370;278;100;19990000;-20;100;1;0.8742884;7.757999999999999
1278675554047870;279;100;19990000;-20;100;1;0.8742884;7.757999999999999
1278675753999370;280;100;19990000;-20;100;1;0.8742884;7.757999999999999
1278675953939370;279;100;19990000;-20;100;1;0.8742884;7.757999999999999
1278676020584870;279;100;19990000;-20;100;1;0.8742884;7.757999999999999
1278676320513370;279;100;19990000;-20;100;1;0.8742884;7.757999999999999
1278676420481100;279;100;19990000;-20;100;1;0.8742884;7.757999999999999
1278677520192100;280;100;19990000;-20;100;1;0.8742884;7.757999999999999
1278677653510330;280;100;19990000;-20;100;1;0.8742884;7.757999999999999
1278678186681330;281;100;19990000;-20;100;1;0.8742884;7.757999999999999
1278678220079330;281;100;19990000;-20;100;1;0.8742884;7.757999999999999
1278678853154060;280;100;19990000;-20;100;1;0.8742884;7.757999999999999
1278679186394060;282;100;19990000;-20;100;1;0.8742884;7.757999999999999
1278679786234790;282;100;19990000;-20;100;1;0.8742884;7.757999999999999
1278679986183790;278;100;19990000;-20;100;1;0.8742884;7.757999999999999
1278680452721790;282;100;19990000;-20;100;1;0.8742884;7.757999999999999
1278680519369790;282;100;19990000;-20;100;1;0.8742884;7.757999999999999
1278680686063290;281;100;19990000;-20;100;1;0.8742884;7.757999999999999
1278680985908020;281;100;19990000;-20;100;1;0.8742884;7.757999999999999
1278681619070020;282;100;19990000;-20;100;1;0.8742884;7.757999999999999
1278681852341020;282;100;19990000;-20;100;1;0.8742884;7.757999999999999
1278682185590750;279;100;19990000;-20;100;1;0.8742884;7.757999999999999
1278682852133980;284;100;19990000;-20;100;1;0.8742884;7.757999999999999
1278683151996980;283;100;19990000;-20;100;1;0.8742884;7.757999999999999
1278683951769210;283;100;19990000;-20;100;1;0.8742884;7.757999999999999
1278684285016210;284;100;19990000;-20;100;1;0.8742884;7.757999999999999
1278684984826710;285;100;19990000;-20;100;1;0.8742884;7.757999999999999
1278685018147710;286;100;19990000;-20;100;1;0.8742884;7.757999999999999
1278685084801940;284;100;19990000;-20;100;1;0.8742884;7.757999999999999
1278685218093440;285;100;19990000;-20;100;1;0.8742884;7.757999999999999
1278686084518440;284;100;19990000;-20;100;1;0.8742884;7.757999999999999
1278686384477170;285;100;19990000;-20;100;1;0.8742884;7.757999999999999
1278686684361670;0;0;19990000;-20;100;1;0.8742884;7.757999999999999
1278686817660170;285;100;19990000;-20;100;1;0.8742884;7.757999999999999
1278686950956400;284;100;19990000;-20;100;1;0.8742884;7.757999999999999
1278686984279900;285;100;19990000;-20;100;1;0.8742884;7.757999999999999
1278687150900900;285;100;19990000;-20;100;1;0.8742884;7.757999999999999
1278687217549400;285;100;19990000;-20;100;1;0.8742884;7.757999999999999
1278687950681400;286;100;19990000;-20;100;1;0.8742884;7.757999999999999
1278688283926130;286;100;19990000;-20;100;1;0.8742884;7.757999999999999
1278688583849130;286;100;19990000;-20;100;1;0.8742884;7.757999999999999
1278688983744630;286;100;19990000;-20;100;1;0.8742884;7.757999999999999
1278689050391130;285;100;19990000;-20;100;1;0.8742884;7.757999999999999
1278689183685360;287;100;19990000;-20;100;1;0.8742884;7.757999999999999
1278689783517360;285;100;19990000;-20;100;1;0.8742884;7.757999999999999
1278689916815860;0;0;19990000;-20;100;1;0.8742884;7.757999999999999
1278690549976590;287;100;19990000;-20;100;1;0.8742884;7.757999999999999
1278690616641090;288;100;19990000;-20;100;1;0.8742884;7.757999999999999
1278690716604090;288;100;19990000;-20;100;1;0.8742884;7.757999999999999
1278690783249590;288;100;19990000;-20;100;1;0.8742884;7.757999999999999
1278690883225090;287;100;19990000;-20;100;1;0.8742884;7.757999999999999
1278691449738820;287;100;19990000;-20;100;1;0.8742884;7.757999999999999
1278692282843820;289;100;19990000;-20;100;1;0.8742884;7.757999999999999
1278693249247550;0;0;19990000;-20;100;1;0.8742884;7.757999999999999
1278693482515050;290;100;19990000;-20;100;1;0.8742884;7.757999999999999
1278693882405780;290;100;19990000;-20;100;1;0.8742884;7.757999999999999
1278693915727780;290;100;19990000;-20;100;1;0.8742884;7.757999999999999
1278694215650280;289;100;19990000;-20;100;1;0.8742884;7.757999999999999
1278694548984280;290;100;19990000;-20;100;1;0.8742884;7.757999999999999
1278694882220510;290;100;19990000;-20;100;1;0.8742884;7.757999999999999
1278695848538510;290;100;19990000;-20;100;1;0.8742884;7.757999999999999
1278696548363740;0;0;19990000;-20;100;1;0.8742884;7.757999999999999
1278696848275970;292;100;19990000;-20;100;1;0.8742884;7.757999999999999
1278696881589970;291;100;19990000;-20;100;1;0.8742884;7.757999999999999
1278697614729970;282;100;19990000;-20;100;1;0.8742884;7.757999999999999
1278697981295470;293;100;19990000;-20;100;1;0.8742884;7.757999999999999
1278701580315890;293;100;19990000;-20;100;1;0.8742884;7.757999999999999
1278702146830620;294;100;19990000;-20;100;1;0.8742884;7.757999999999999
1278702646699620;296;100;19990000;-20;100;1;0.8742884;7.757999999999999
1278702879970620;294;100;19990000;-20;100;1;0.8742884;7.757999999999999
1278703046590120;293;100;19990000;-20;100;1;0.8742884;7.757999999999999
1278703113228620;289;100;19990000;-20;100;1;0.8742884;7.757999999999999
1278703179881120;0;0;19990000;-20;100;1;0.8742884;7.757999999999999
1278703246527850;297;100;19990000;-20;100;1;0.8742884;7.757999999999999
1278703746402350;295;100;19990000;-20;100;1;0.8742884;7.757999999999999
1278703879693850;295;100;19990000;-20;100;1;0.8742884;7.757999999999999
1278703913016850;294;100;19990000;-20;100;1;0.8742884;7.757999999999999
1278704212931580;294;100;19990000;-20;100;1;0.8742884;7.757999999999999
1278704279618850;0;0;19990000;-20;100;1;0.8742884;7.757999999999999
1278704312903580;294;100;19990000;-20;100;1;0.8742884;7.757999999999999
1278704379553580;296;100;19990000;-20;100;1;0.8742884;7.757999999999999
1278704446219580;295;100;19990000;-20;100;1;0.8742884;7.757999999999999
1278705279310810;296;100;19990000;-20;100;1;0.8742884;7.757999999999999
1278705345966080;0;0;19990000;-20;100;1;0.8742884;7.757999999999999
1278705679202310;296;100;19990000;-20;100;1;0.8742884;7.757999999999999
1278705912475310;295;100;19990000;-20;100;1;0.8742884;7.757999999999999
1278706412342540;294;100;19990000;-20;100;1;0.8742884;7.757999999999999
1278706479002810;0;0;19990000;-20;100;1;0.8742884;7.757999999999999
1278706512313810;295;100;19990000;-20;100;1;0.8742884;7.757999999999999
1278706612283040;298;100;19990000;-20;100;1;0.8742884;7.757999999999999
1278706645605540;298;100;19990000;-20;100;1;0.8742884;7.757999999999999
1278707478715270;298;100;19990000;-20;100;1;0.8742884;7.757999999999999
1278708745037270;301;100;19990000;-20;100;1;0.8742884;7.757999999999999
1278708978301000;300;100;19990000;-20;100;1;0.8742884;7.757999999999999
1278709244907500;300;100;19990000;-20;100;1;0.8742884;7.757999999999999
1278709378205000;303;100;19990000;-20;100;1;0.8742884;7.757999999999999
1278709644793730;300;100;19990000;-20;100;1;0.8742884;7.757999999999999
1278710911112460;0;0;19990000;-20;100;1;0.8742884;7.757999999999999
1278711544271960;302;100;19990000;-20;100;1;0.8742884;7.757999999999999
1278711777546190;301;100;19990000;-20;100;1;0.8742884;7.757999999999999
1278711910862460;301;100;19990000;-20;100;1;0.8742884;7.757999999999999
1278712410797690;301;100;19990000;-20;100;1;0.8742884;7.757999999999999
1278712577333190;301;100;19990000;-20;100;1;0.8742884;7.757999999999999
1278712977226690;303;100;19990000;-20;100;1;0.8742884;7.757999999999999
1278713143878920;303;100;19990000;-20;100;1;0.8742884;7.757999999999999
1278713543734420;302;100;19990000;-20;100;1;0.8742884;7.757999999999999
1278713777008920;301;100;19990000;-20;100;1;0.8742884;7.757999999999999
1278714143567420;0;0;19990000;-20;100;1;0.8742884;7.757999999999999
1278714643434150;305;100;19990000;-20;100;1;0.8742884;7.757999999999999
1278714676759150;304;100;19990000;-20;100;1;0.8742884;7.757999999999999
1278714910029150;302;100;19990000;-20;100;1;0.8742884;7.757999999999999
1278714976679150;306;100;19990000;-20;100;1;0.8742884;7.757999999999999
1278715176672880;303;100;19990000;-20;100;1;0.8742884;7.757999999999999
1278715609835880;305;100;19990000;-20;100;1;0.8742884;7.757999999999999
1278715709817880;304;100;19990000;-20;100;1;0.8742884;7.757999999999999
1278716176355880;304;100;19990000;-20;100;1;0.8742884;7.757999999999999
1278716243001880;303;100;19990000;-20;100;1;0.8742884;7.757999999999999
1278716376329610;0;0;19990000;-20;100;1;0.8742884;7.757999999999999
1278716909490110;306;100;19990000;-20;100;1;0.8742884;7.757999999999999
1278717042785110;306;100;19990000;-20;100;1;0.8742884;7.757999999999999
1278717242732610;307;100;19990000;-20;100;1;0.8742884;7.757999999999999
1278717309382840;307;100;19990000;-20;100;1;0.8742884;7.757999999999999
1278717475995840;0;0;19990000;-20;100;1;0.8742884;7.757999999999999
1278717675944840;306;100;19990000;-20;100;1;0.8742884;7.757999999999999
1278717809245840;307;100;19990000;-20;100;1;0.8742884;7.757999999999999
1278718442421840;306;100;19990000;-20;100;1;0.8742884;7.757999999999999
1278718842295070;305;100;19990000;-20;100;1;0.8742884;7.757999999999999
1278720275238800;309;100;19990000;-20;100;1;0.8742884;7.757999999999999
1278720341891030;310;100;19990000;-20;100;1;0.8742884;7.757999999999999
1278720441858800;310;100;19990000;-20;100;1;0.8742884;7.757999999999999
1278720508512300;308;100;19990000;-20;100;1;0.8742884;7.757999999999999
1278720575157300;309;100;19990000;-20;100;1;0.8742884;7.757999999999999
1278720675127030;312;100;19990000;-20;100;1;0.8742884;7.757999999999999
1278721041694030;309;100;19990000;-20;100;1;0.8742884;7.757999999999999
1278721941475760;314;100;19990000;-20;100;1;0.8742884;7.757999999999999
1278722541286990;315;100;19990000;-20;100;1;0.8742884;7.757999999999999
1278722841205990;314;100;19990000;-20;100;1;0.8742884;7.757999999999999
1278723107810490;314;100;19990000;-20;100;1;0.8742884;7.757999999999999
1278723640991720;313;100;19990000;-20;100;1;0.8742884;7.757999999999999
1278723674322490;311;100;19990000;-20;100;1;0.8742884;7.757999999999999
1278724307482720;316;100;19990000;-20;100;1;0.8742884;7.757999999999999
1278724474119220;316;100;19990000;-20;100;1;0.8742884;7.757999999999999
1278724740699720;317;100;19990000;-20;100;1;0.8742884;7.757999999999999
1278724774017950;318;100;19990000;-20;100;1;0.8742884;7.757999999999999
1278725107259950;316;100;19990000;-20;100;1;0.8742884;7.757999999999999
1278725173903450;0;0;19990000;-20;100;1;0.8742884;7.757999999999999
1278725240562950;314;100;19990000;-20;100;1;0.8742884;7.757999999999999
1278726706833180;318;100;19990000;-20;100;1;0.8742884;7.757999999999999
1278726973424910;317;100;19990000;-20;100;1;0.8742884;7.757999999999999
1278727040075410;317;100;19990000;-20;100;1;0.8742884;7.757999999999999
1278727073389910;319;100;19990000;-20;100;1;0.8742884;7.757999999999999
1278727306658910;317;100;19990000;-20;100;1;0.8742884;7.757999999999999
1278727673232910;320;100;19990000;-20;100;1;0.8742884;7.757999999999999
1278727806529410;320;100;19990000;-20;100;1;0.8742884;7.757999999999999
1278727973147410;320;100;19990000;-20;100;1;0.8742884;7.757999999999999
1278728306397640;320;100;19990000;-20;100;1;0.8742884;7.757999999999999
1278729306114870;319;100;19990000;-20;100;1;0.8742884;7.757999999999999
1278732338628560;322;100;19990000;-20;100;1;0.8742884;7.757999999999999
1278732538598560;323;100;19990000;-20;100;1;0.8742884;7.757999999999999
1278733205078290;327;100;19990000;-20;100;1;0.8742884;7.757999999999999
1278733338370060;326;100;19990000;-20;100;1;0.8742884;7.757999999999999
1278733738254290;324;100;19990000;-20;100;1;0.8742884;7.757999999999999
1278733771575790;325;100;19990000;-20;100;1;0.8742884;7.757999999999999
1278734471389020;326;100;19990000;-20;100;1;0.8742884;7.757999999999999
1278735404531520;328;100;19990000;-20;100;1;0.8742884;7.757999999999999
1278735471182250;329;100;19990000;-20;100;1;0.8742884;7.757999999999999
1278735804353750;330;100;19990000;-20;100;1;0.8742884;7.757999999999999
1278736070945750;329;100;19990000;-20;100;1;0.8742884;7.757999999999999
1278736204245250;0;0;19990000;-20;100;1;0.8742884;7.757999999999999
1278736470849480;330;100;19990000;-20;100;1;0.8742884;7.757999999999999
1278736670822250;328;100;19990000;-20;100;1;0.8742884;7.757999999999999
1278737070675980;330;100;19990000;-20;100;1;0.8742884;7.757999999999999
1278737337269480;0;0;19990000;-20;100;1;0.8742884;7.757999999999999
1278737637209980;332;100;19990000;-20;100;1;0.8742884;7.757999999999999
1278737737161980;332;100;19990000;-20;100;1;0.8742884;7.757999999999999
1278737937102710;333;100;19990000;-20;100;1;0.8742884;7.757999999999999
1278738803539710;332;100;19990000;-20;100;1;0.8742884;7.757999999999999
1278739470111940;0;0;19990000;-20;100;1;0.8742884;7.757999999999999
1278739503358940;0;0;19990000;-20;100;1;0.8742884;7.757999999999999
1278740436432670;332;100;19990000;-20;100;1;0.8742884;7.757999999999999
1278740703024670;337;100;19990000;-20;100;1;0.8742884;7.757999999999999
1278740836316670;337;100;19990000;-20;100;1;0.8742884;7.757999999999999
1278740969625170;337;100;19990000;-20;100;1;0.8742884;7.757999999999999
1278741136253400;335;100;19990000;-20;100;1;0.8742884;7.757999999999999
1278741202895900;335;100;19990000;-20;100;1;0.8742884;7.757999999999999
1278741302865900;336;100;19990000;-20;100;1;0.8742884;7.757999999999999
1278741736078400;0;0;19990000;-20;100;1;0.8742884;7.757999999999999
1278742002669130;336;100;19990000;-20;100;1;0.8742884;7.757999999999999
1278742069320400;336;100;19990000;-20;100;1;0.8742884;7.757999999999999
1278742802455630;0;0;19990000;-20;100;1;0.8742884;7.757999999999999
1278742902428860;342;100;19990000;-20;100;1;0.8742884;7.757999999999999
1278742935744860;342;100;19990000;-20;100;1;0.8742884;7.757999999999999
1278743468939860;340;100;19990000;-20;100;1;0.8742884;7.757999999999999
1278743902154360;0;0;19990000;-20;100;1;0.8742884;7.757999999999999
1278744568657090;342;100;19990000;-20;100;1;0.8742884;7.757999999999999
1278744801909590;340;100;19990000;-20;100;1;0.8742884;7.757999999999999
1278744835229090;339;100;19990000;-20;100;1;0.8742884;7.757999999999999
1278745068505820;342;100;19990000;-20;100;1;0.8742884;7.757999999999999
1278745101823320;340;100;19990000;-20;100;1;0.8742884;7.757999999999999
1278745135150820;340;100;19990000;-20;100;1;0.8742884;7.757999999999999
1278745168480820;340;100;19990000;-20;100;1;0.8742884;7.757999999999999
1278745668430820;339;100;19990000;-20;100;1;0.8742884;7.757999999999999
1278745734988820;341;100;19990000;-20;100;1;0.8742884;7.757999999999999
1278745801648820;338;100;19990000;-20;100;1;0.8742884;7.757999999999999
1278746168208050;342;100;19990000;-20;100;1;0.8742884;7.757999999999999
1278747167945550;345;100;19990000;-20;100;1;0.8742884;7.757999999999999
1278747234580780;0;0;19990000;-20;100;1;0.8742884;7.757999999999999
1278747401219050;347;100;19990000;-20;100;1;0.8742884;7.757999999999999
1278747467862280;346;100;19990000;-20;100;1;0.8742884;7.757999999999999
1278747634529780;347;100;19990000;-20;100;1;0.8742884;7.757999999999999
1278747701123280;344;100;19990000;-20;100;1;0.8742884;7.757999999999999
1278747767769780;345;100;19990000;-20;100;1;0.8742884;7.757999999999999
1278747901067780;345;100;19990000;-20;100;1;0.8742884;7.757999999999999
1278747967716780;346;100;19990000;-20;100;1;0.8742884;7.757999999999999
1278748400930010;350;100;19990000;-20;100;1;0.8742884;7.757999999999999
1278748467579280;350;100;19990000;-20;100;1;0.8742884;7.757999999999999
1278748567566280;351;100;19990000;-20;100;1;0.8742884;7.757999999999999
1278748700855010;349;100;19990000;-20;100;1;0.8742884;7.757999999999999
1278749433995510;0;0;19990000;-20;100;1;0.8742884;7.757999999999999
1278750433719740;351;100;19990000;-20;100;1;0.8742884;7.757999999999999
1278750467039970;350;100;19990000;-20;100;1;0.8742884;7.757999999999999
1278751533414470;355;100;19990000;-20;100;1;0.8742884;7.757999999999999
1278751733359470;356;100;19990000;-20;100;1;0.8742884;7.757999999999999
1278752499823200;356;100;19990000;-20;100;1;0.8742884;7.757999999999999
1278753132986430;353;100;19990000;-20;100;1;0.8742884;7.757999999999999
1278753832789930;0;0;19990000;-20;100;1;0.8742884;7.757999999999999
1278753899441660;2;100;19990000;-20;100;1;0.8742884;7.757999999999999
1278754266003660;1;100;19990000;-20;100;1;0.8742884;7.757999999999999
1278754366058660;0;100;19990000;-20;100;1;0.8742884;7.757999999999999
1278754632576660;0;100;19990000;-20;100;1;0.8742884;7.757999999999999
1278755199085390;1;100;19990000;-20;100;1;0.8742884;7.757999999999999
1278755632299390;1;100;19990000;-20;100;1;0.8742884;7.757999999999999
1278756632029620;7;100;19990000;-20;100;1;0.8742884;7.757999999999999
